"Name","State","Notes","User","Tags","Created","Runtime","Sweep","batch_size","d_conv","d_model","d_state","dropout","expand","grad_accum_steps","learning_rate","lm_dataset_dir","log_samples_every_n_epochs","max_grad_norm","n_layers","num_train_epochs","pad_token_id","run_name","seq_len","vocab_size","checkpoint","max_new_tokens","mode","model_config","num_params","num_prompts","temperature","tokenizer_dir","enable_ref_metrics","epoch","eval_loss","eval_ppl","eval_tokens","mean_distinct_2","mean_distinct_3","mean_len_tokens","mean_rep_2","mean_rep_3","num_generations","train_loss"
"eval_mamba_tinystories_1M_mamba_best_20260125_195355","finished","-","","","2026-01-25T18:53:57.000Z","941","","1","3","64","16","0","2","","","./lm_dataset/tinystories_1M","","","8","","","","256","10000","results/mamba_tinystories_1M/mamba_best.pt","64","evaluation","","1498752","","0.8","","false","","0.2053852597405658","1.227998072060689","11682048","0.5580985915492958","0.7782696177062375","72.66666666666667","0.4419014084507042","0.2217303822937626","",""
"eval_mamba_tinystories_1M_mamba_best_20260125_165236","finished","-","","","2026-01-25T15:52:37.000Z","911","","1","3","64","16","0","2","","","./lm_dataset/tinystories_1M","","","8","","","","256","10000","results/mamba_tinystories_1M/mamba_best.pt","64","evaluation","","1498752","","0.8","","false","","0.2053852597405658","1.227998072060689","11682048","0.567357850808555","0.7829644533869886","72.66666666666667","0.43264214919144495","0.21703554661301144","",""
"generate_20260125_165140","finished","-","","","2026-01-25T15:51:43.000Z","8","","","","","","","","","","","","","","","","","","","results/mamba_tinystories_1M/mamba_best.pt","128","","configs/mamba_tinystories_1M/model.yaml","","1","0.8","tokenizers/tinystories_1M","","","","","","","","","","","1",""
"generate_20260118_193648","finished","-","","","2026-01-18T18:36:49.000Z","9","","","","","","","","","","","","","","","","","","","results/mamba_tinystories_2k/mamba_best.pt","128","","configs/mamba_tinystories_2k/model.yaml","","1","0.8","tokenizers/tinystories_2k","","","","","","","","","","","1",""
"eval_mamba_tinystories_2k_mamba_best_20260118_193609","finished","-","","","2026-01-18T18:36:11.000Z","15","","1","3","512","16","0.1","2","","","./lm_dataset/tinystories_2k","","","2","","","","256","2048","results/mamba_tinystories_2k/mamba_best.pt","64","evaluation","","5386240","","0.8","","","","4.356710397091108","78.00012249141446","12416","0.9680278870419716","0.9908675799086758","73.33333333333333","0.03197211295802845","0.0091324200913242","",""
"generate_20260113_063630","crashed","-","","","2026-01-13T05:40:51.000Z","0","","","","","","","","","","","","","","","","","","","results/mamba_tinystories_10k/mamba_best.pt","128","","configs/mamba_tinystories_10k/model.yaml","","1","0.8","tokenizers/tinystories_10k","","","","","","","","","","","",""
"eval_mamba_tinystories_10k_mamba_best_20260112_215851","finished","-","","","2026-01-12T20:58:54.000Z","89","","1","3","128","16","0.1","2","","","./lm_dataset/tinystories_10k","","","2","","","","256","2576","results/mamba_tinystories_10k/mamba_best.pt","64","evaluation","","891904","","0.8","","","","0.0011629447459427806","1.0011636212283956","2052608","0.576585626722613","0.7899903327985519","75","0.42341437327738696","0.2100096672014481","",""
"generate_20260112_203005","finished","-","","","2026-01-12T19:30:06.000Z","6","","","","","","","","","","","","","","","","","","","results/mamba_tinystories_10k/mamba_best.pt","128","","configs/mamba_tinystories_10k/model.yaml","","1","0.8","tokenizers/tinystories_10k","","","","","","","","","","","1",""
"eval_mamba_tinystories_10k_mamba_best_20260112_141150","finished","-","","","2026-01-12T13:11:52.000Z","87","","1","3","128","16","0.1","2","","","./lm_dataset/tinystories_10k","","","2","","","","256","2576","results/mamba_tinystories_10k/mamba_best.pt","64","evaluation","","891904","","0.8","","","","0.0011629447459427806","1.0011636212283956","2052608","0.5720794767370111","0.7763516941599132","75","0.42792052326298896","0.22364830584008663","",""
"generate_20260112_110833","finished","-","","","2026-01-12T10:08:34.000Z","5","","","","","","","","","","","","","","","","","","","results/mamba_tinystories_10k/mamba_best.pt","128","","configs/mamba_tinystories_10k/model.yaml","","1","0.8","tokenizers/tinystories_10k","","","","","","","","","","","1",""
"eval_mamba_tinystories_10k_mamba_best_20260112_110636","finished","-","","","2026-01-12T10:06:38.000Z","88","","1","3","128","16","0.1","2","","","./lm_dataset/tinystories_10k","","","2","","","","256","2576","results/mamba_tinystories_10k/mamba_best.pt","64","evaluation","","891904","","0.8","","","","0.0011629447459427806","1.0011636212283956","2052608","0.5945452301616685","0.7944948373030565","75","0.4054547698383315","0.20550516269694355","",""
"generate_20260112_105408","finished","-","","","2026-01-12T09:54:09.000Z","5","","","","","","","","","","","","","","","","","","","results/mamba_tinystories_10k/mamba_best.pt","128","","configs/mamba_tinystories_10k/model.yaml","","1","0.8","tokenizers/tinystories_10k","","","","","","","","","","","1",""
"eval_mamba_tinystories_10k_mamba_best_20260112_094228","finished","-","","","2026-01-12T08:42:29.000Z","89","","1","3","128","16","0.1","2","","","./lm_dataset/tinystories_10k","","","2","","","","256","2576","results/mamba_tinystories_10k/mamba_best.pt","64","evaluation","","891904","","0.8","","","","0.0011629447459427806","1.0011636212283956","2052608","0.5947887613641039","0.7946199624281816","75","0.40521123863589614","0.2053800375718184","",""
"generate_20260111_233606","finished","-","","","2026-01-11T22:36:08.000Z","5","","","","","","","","","","","","","","","","","","","results/mamba_tinystories_10k/mamba_best.pt","128","","configs/mamba_tinystories_10k/model.yaml","","1","0.8","tokenizers/tinystories_10k","","","","","","","","","","","1",""
"eval_mamba_tinystories_10k_mamba_best_20260111_232717","finished","-","","","2026-01-11T22:27:19.000Z","88","","1","3","128","16","0.1","2","","","./lm_dataset/tinystories_10k","","","2","","","","256","2576","results/mamba_tinystories_10k/mamba_best.pt","64","evaluation","","891904","","0.8","","","","0.0011629447459427806","1.0011636212283956","2052608","0.5919186599294645","0.7953957382039573","73.66666666666667","0.4080813400705356","0.20460426179604263","",""
"generate_20260107_120528","finished","-","","","2026-01-07T11:05:29.000Z","5","","","","","","","","","","","","","","","","","","","results/mamba_tinystories_10k/mamba_best.pt","128","","configs/mamba_tinystories_10k/model.yaml","","1","0.8","tokenizers/tinystories_10k","","","","","","","","","","","1",""
"eval_mamba_tinystories_10k_mamba_best_20260107_120331","finished","-","","","2026-01-07T11:03:32.000Z","91","","1","3","128","16","0.1","2","","","./lm_dataset/tinystories_10k","","","2","","","","256","2576","results/mamba_tinystories_10k/mamba_best.pt","64","evaluation","","891904","","0.8","","","","0.0011629447459427806","1.0011636212283956","2052608","0.5811518367682752","0.7899903327985519","75","0.41884816323172486","0.2100096672014481","",""
"generate_20260107_114319","finished","-","","","2026-01-07T10:43:20.000Z","9","","","","","","","","","","","","","","","","","","","results/mamba_tinystories_2k/mamba_best.pt","128","","configs/mamba_tinystories_2k/model.yaml","","1","0.8","tokenizers/tinystories_2k","","","","","","","","","","","1",""
"eval_mamba_tinystories_2k_mamba_best_20260107_114250","finished","-","","","2026-01-07T10:42:52.000Z","13","","1","3","512","16","0.1","2","","","./lm_dataset/tinystories_2k","","","2","","","","256","2048","results/mamba_tinystories_2k/mamba_best.pt","64","evaluation","","5386240","","0.8","","","","4.356710397091108","78.00012249141446","12416","0.9629629629629632","0.9859154929577464","70","0.037037037037037014","0.014084507042253502","",""
"eval_mamba_tinystories_2k_mamba_best_20260107_113415","finished","-","","","2026-01-07T10:34:16.000Z","16","","1","3","512","16","0.1","2","","","./lm_dataset/tinystories_2k","","","2","","","","256","2048","results/mamba_tinystories_2k/mamba_best.pt","64","evaluation","","5386240","","0.8","","","","4.356710397091108","78.00012249141446","12416","0.9627963367093804","0.985965619124362","72","0.037203663290619825","0.014034380875637908","",""
"eval_mamba_tinystories_2k_mamba_best_20260107_112311","finished","-","","","2026-01-07T10:23:13.000Z","14","","1","3","512","16","0.1","2","","","./lm_dataset/tinystories_2k","","","2","","","","256","2048","results/mamba_tinystories_2k/mamba_best.pt","64","evaluation","","5386240","","0.8","","","","4.356710397091108","78.00012249141446","12416","0.9556998556998556","0.9800817539947976","65.33333333333333","0.04430014430014432","0.019918246005202533","",""
"eval_mamba_tinystories_8M_mamba_best_20260104_233726","finished","-","","","2026-01-04T22:37:28.000Z","296","","1","3","128","16","0.1","2","","","./lm_dataset/tinystories_8k","","","8","","","","256","8192","results/mamba_tinystories_8k/mamba_best.pt","64","evaluation","","2927872","","0.8","","","","0.11883707302022904","1.1261864171885072","1862912","0.7824074074074074","0.892018779342723","73","0.2175925925925926","0.107981220657277","",""
"eval_mamba_tinystories_8M_mamba_best_20260104_221248","finished","-","","","2026-01-04T21:12:50.000Z","299","","1","3","128","16","0.1","2","","","./lm_dataset/tinystories_8k","","","8","","","","256","8192","results/mamba_tinystories_8k/mamba_best.pt","64","evaluation","","2927872","","0.8","","","","0.11883707302022904","1.1261864171885072","1862912","0.7284621578099838","0.8719966859983431","72","0.2715378421900161","0.128003314001657","",""
"generate_20260104_210713","finished","-","","","2026-01-04T20:07:15.000Z","9","","","","","","","","","","","","","","","","","","","results/mamba_tinystories_8k/mamba_best.pt","128","","configs/mamba_tinystories_8k/model.yaml","","1","0.8","tokenizers/tinystories_8k","","","","","","","","","","","1",""
"eval_mamba_tinystories_8M_mamba_best_20260104_210030","finished","-","","","2026-01-04T20:00:32.000Z","302","","1","3","128","16","0.1","2","","","./lm_dataset/tinystories_8k","","","8","","","","256","8192","results/mamba_tinystories_8k/mamba_best.pt","64","evaluation","","2927872","","0.8","","","","0.11883707302022904","1.1261864171885072","1862912","0.7222222222222223","0.8591549295774649","73","0.2777777777777778","0.14084507042253522","",""
"generate_20260104_195013","finished","-","","","2026-01-04T18:50:14.000Z","9","","","","","","","","","","","","","","","","","","","results/mamba_tinystories_8k/mamba_best.pt","128","","configs/mamba_tinystories_8k/model.yaml","","1","0.8","tokenizers/tinystories_8k","","","","","","","","","","","1",""
"eval_mamba_tinystories_8M_mamba_best_20260104_194452","finished","-","","","2026-01-04T18:44:54.000Z","297","","1","3","128","16","0.1","2","","","./lm_dataset/tinystories_8k","","","8","","","","256","8192","results/mamba_tinystories_8k/mamba_best.pt","64","evaluation","","2927872","","0.8","","","","0.11883707302022904","1.1261864171885072","1862912","0.7096017250126839","0.8551121544079291","73.33333333333333","0.2903982749873161","0.14488784559207094","",""
"generate_20260104_115654","finished","-","","","2026-01-04T10:56:56.000Z","9","","","","","","","","","","","","","","","","","","","results/mamba_tinystories_8k/mamba_best.pt","128","","configs/mamba_tinystories_8k/model.yaml","","1","0.8","tokenizers/tinystories_8k","","","","","","","","","","","1",""
"eval_mamba_tinystories_8M_mamba_best_20260103_232756","finished","-","","","2026-01-03T22:28:23.000Z","301","","1","3","128","16","0.1","2","","","./lm_dataset/tinystories_8k","","","8","","","","256","8192","results/mamba_tinystories_8k/mamba_best.pt","64","evaluation","","2927872","","0.8","","","","0.11883707302022904","1.1261864171885072","1862912","0.7697234906139014","0.892605633802817","73.33333333333333","0.23027650938609845","0.10739436619718308","",""
"generate_20260103_201553","finished","-","","","2026-01-03T19:15:55.000Z","9","","","","","","","","","","","","","","","","","","","results/mamba_tinystories_8k/mamba_best.pt","128","","configs/mamba_tinystories_8k/model.yaml","","1","0.8","tokenizers/tinystories_8k","","","","","","","","","","","1",""
"eval_mamba_tinystories_8M_mamba_best_20260103_195030","finished","-","","","2026-01-03T18:50:32.000Z","297","","1","3","128","16","0.1","2","","","./lm_dataset/tinystories_8k","","","8","","","","256","8192","results/mamba_tinystories_8k/mamba_best.pt","64","evaluation","","2927872","","0.8","","","","0.11883707302022904","1.1261864171885072","1862912","0.7558980213089802","0.8832159624413146","73.33333333333333","0.2441019786910198","0.11678403755868542","",""
"eval_mamba_tinystories_8M_mamba_best_20260103_172119","failed","-","","","2026-01-03T16:21:21.000Z","1844","","1","3","128","16","0.1","2","","","./lm_dataset/tinystories_8k","","","8","","","","256","8192","results/mamba_tinystories_8k/mamba_best.pt","64","evaluation","","2927872","","0.8","","","","0.11883707302022904","1.1261864171885072","1862912","0.7418182248744909","0.8787297975738539","70.66666666666667","0.25818177512550916","0.121270202426146","",""
"eval_mamba_tinystories_8M_mamba_best_20260103_171003","finished","-","","","2026-01-03T16:10:05.000Z","297","","1","3","128","16","0.1","2","","","./lm_dataset/tinystories_8k","","","8","","","","256","8192","results/mamba_tinystories_8k/mamba_best.pt","64","evaluation","","2927872","","0.8","","","","0.11883707302022904","1.1261864171885072","1862912","0.7420091324200914","0.8785863328116849","73.33333333333333","0.2579908675799087","0.12141366718831507","",""
"mamba_tinystories_8k_20260103_065013","crashed","-","","","2026-01-03T05:50:14.000Z","1741","","16","3","128","16","0.1","2","1","0.0003","./lm_dataset/tinystories_8k","1","1","8","4","0","mamba_tinystories_8k_20260103_065013","256","8192","","","","","","","","","","2","0.11885474336507557","1.1262063174666823","","","","","","","","0.2575245623405163"
"eval_mamba_tinystories_8k_mamba_best_20260103_063859","finished","-","","","2026-01-03T05:39:00.000Z","300","","1","3","128","16","0.1","2","","","./lm_dataset/tinystories_8k","","","8","","","","256","8192","results/mamba_tinystories_8k/mamba_best.pt","64","evaluation","","2927872","","0.8","","","","0.02545923179791918","1.0257860859635366","1862912","0.5944317605276509","0.7990349504434011","73.33333333333333","0.40556823947234905","0.20096504955659888","",""
"mamba_tinystories_8k_20251229_202930","finished","-","","","2025-12-29T19:29:33.000Z","2523","","16","3","128","16","0.1","2","1","0.0003","./lm_dataset/tinystories_8k","1","1","8","4","0","mamba_tinystories_8k_20251229_202930","256","8192","","","","","","","","","","4","0.025463994238320943","1.0257909712202689","","","","","","","","0.04761086539825896"
"generate_20251227_225559","finished","-","","","2025-12-27T21:56:01.000Z","9","","","","","","","","","","","","","","","","","","","results/mamba_tinystories_8k/mamba_best.pt","128","","configs/mamba_tinystories_8k/model.yaml","","1","0.8","tokenizers/tinystories_8k","","","","","","","","","","","1",""
"eval_mamba_tinystories_8k_mamba_best_20251227_224839","finished","-","","","2025-12-27T21:48:41.000Z","309","","1","3","128","16","0.1","2","","","./lm_dataset/tinystories_8k","","","8","","","","256","8192","results/mamba_tinystories_8k/mamba_best.pt","64","evaluation","","2927872","","0.8","","","","0.008127611803743542","1.0081607305050715","1862912","0.596002327871788","0.7951109086803853","72","0.403997672128212","0.20488909131961475","",""
"mamba_tinystories_8k_20251227_222219","finished","-","","","2025-12-27T21:22:21.000Z","1182","","8","3","128","16","0.1","2","1","0.0003","./lm_dataset/tinystories_8k","1","1","8","4","0","mamba_tinystories_8k_20251227_222219","256","8192","","","","","","","","","","4","0.008129685020949282","1.008162820643411","","","","","","","","0.017547374251963836"
"generate_20251227_172637","finished","-","","","2025-12-27T16:26:39.000Z","18","","","","","","","","","","","","","","","","","","","results/mamba_tinystories_8k/mamba_best.pt","128","","configs/mamba_tinystories_8k/model.yaml","","1","0.8","tokenizers/tinystories_8k","","","","","","","","","","","1",""
"eval_mamba_tinystories_8k_mamba_best_20251227_165623","finished","-","","","2025-12-27T15:57:49.000Z","851","","1","3","512","16","0.1","2","","","./lm_dataset/tinystories_8k","","","6","","","","256","8192","results/mamba_tinystories_8k/mamba_best.pt","64","evaluation","","17991680","","0.8","","","","0.006300762254096925","1.006320653811969","1862912","0.631468797564688","0.8225091288471571","73.33333333333333","0.368531202435312","0.17749087115284298","",""
"mamba_tinystories_8k_20251227_144840","finished","-","","","2025-12-27T13:48:42.000Z","5501","","64","3","512","16","0.1","2","1","0.0003","./lm_dataset/tinystories_8k","1","1","6","4","0","mamba_tinystories_8k_20251227_144840","256","8192","","","","","","","","","","4","0.00631101337147125","1.0063309697759824","","","","","","","","0.0166947894419233"
"generate_20251227_142419","finished","-","","","2025-12-27T13:24:21.000Z","20","","","","","","","","","","","","","","","","","","","results/mamba_tinystories_8k/mamba_best.pt","128","","configs/mamba_tinystories_8k/model.yaml","","1","0.8","tokenizers/tinystories_8k","","","","","","","","","","","1",""
"eval_mamba_tinystories_8k_mamba_best_20251227_132322","finished","-","","","2025-12-27T12:23:26.000Z","811","","1","3","512","16","0.1","2","","","./lm_dataset/tinystories_8k","","","6","","","","256","8192","results/mamba_tinystories_8k/mamba_best.pt","64","evaluation","","17991680","","0.8","","","","0.0017123555950281325","1.0017138225130455","1862912","0.5759766615931","0.7897104851330203","73.33333333333333","0.4240233384069","0.2102895148669797","",""
"mamba_tinystories_8k_20251227_102628","finished","-","","","2025-12-27T09:26:29.000Z","6116","","32","3","512","16","0.1","2","1","0.0003","./lm_dataset/tinystories_8k","1","1","6","4","0","mamba_tinystories_8k_20251227_102628","256","8192","","","","","","","","","","4","0.0017145297751994804","1.0017160004217436","","","","","","","","0.005566133474195867"
"generate_20251227_101152","finished","-","","","2025-12-27T09:11:53.000Z","18","","","","","","","","","","","","","","","","","","","results/mamba_tinystories_8k/mamba_best.pt","128","","configs/mamba_tinystories_8k/model.yaml","","1","0.8","tokenizers/tinystories_8k","","","","","","","","","","","1",""
"eval_mamba_tinystories_8k_mamba_best_20251227_094822","finished","-","","","2025-12-27T08:48:24.000Z","862","","1","3","512","16","0.1","2","","","./lm_dataset/tinystories_8k","","","6","","","","256","8192","results/mamba_tinystories_8k/mamba_best.pt","64","evaluation","","17991680","","0.8","","","","0.0005269178113176165","1.0005270566568931","1862912","0.5667808219178082","0.7850156494522692","73.33333333333333","0.43321917808219174","0.21498435054773088","",""
"mamba_tinystories_8k_20251227_045141","finished","-","","","2025-12-27T03:51:43.000Z","7334","","16","3","512","16","0.1","2","1","0.0003","./lm_dataset/tinystories_8k","1","1","6","4","0","mamba_tinystories_8k_20251227_045141","256","8192","","","","","","","","","","4","0.0005269894230558158","1.0005271283063777","","","","","","","","0.0017591167993556995"
"generate_20251227_043824","finished","-","","","2025-12-27T03:38:26.000Z","18","","","","","","","","","","","","","","","","","","","results/mamba_tinystories_8k/mamba_best.pt","128","","configs/mamba_tinystories_8k/model.yaml","","1","0.8","tokenizers/tinystories_8k","","","","","","","","","","","1",""
"eval_mamba_tinystories_8k_mamba_best_20251226_174104","finished","-","","","2025-12-26T16:41:06.000Z","845","","1","3","512","16","0.1","2","","","./lm_dataset/tinystories_8k","","","6","","","","256","8192","results/mamba_tinystories_8k/mamba_best.pt","64","evaluation","","17991680","","0.8","","","","0.00014545221144090926","1.0001454627901267","1862912","0.5653822531976822","0.7752529994783516","74.66666666666667","0.4346177468023178","0.2247470005216484","",""
"mamba_tinystories_8k_20251226_163841","finished","-","","","2025-12-26T15:38:42.000Z","3423","","8","3","512","16","0.1","2","1","0.0003","./lm_dataset/tinystories_8k","1","1","6","4","0","mamba_tinystories_8k_20251226_163841","256","8192","","","","","","","","","","4","0.00014546861749585043","1.0001454791985682","","","","","","","","0.0004962859973202684"
"generate_20251226_161254","finished","-","","","2025-12-26T15:12:56.000Z","10","","","","","","","","","","","","","","","","","","","results/mamba_tinystories_8k/mamba_best.pt","128","","configs/mamba_tinystories_8k/model.yaml","","1","0.8","tokenizers/tinystories_8k","","","","","","","","","","","1",""
"generate_20251226_160709","crashed","-","","","2025-12-26T15:11:30.000Z","0","","","","","","","","","","","","","","","","","","","results/mamba_tinystories_8k/mamba_best.pt","128","","configs/mamba_tinystories_8k/model.yaml","","1","0.8","tokenizers/tinystories_8k","","","","","","","","","","","",""
"eval_mamba_tinystories_8k_mamba_best_20251226_134820","finished","-","","","2025-12-26T12:48:22.000Z","421","","1","3","256","16","0.1","2","","","./lm_dataset/tinystories_8k","","","6","","","","256","8192","results/mamba_tinystories_8k/mamba_best.pt","64","evaluation","","6636544","","0.8","","","","0.03775125397860715","1.0384728847498894","1862912","0.649923896499239","0.8272039645279081","73.33333333333333","0.35007610350076107","0.1727960354720918","",""
"mamba_tinystories_8k_20251226_123207","finished","-","","","2025-12-26T11:32:08.000Z","2721","","64","3","256","16","0.1","2","1","0.0003","./lm_dataset/tinystories_8k","1","1","6","4","0","mamba_tinystories_8k_20251226_123207","256","8192","","","","","","","","","","4","0.037774171761906984","1.0384966845191428","","","","","","","","0.0681574705399965"
"generate_20251226_042304","finished","-","","","2025-12-26T03:23:07.000Z","11","","","","","","","","","","","","","","","","","","","results/mamba_tinystories_8k/mamba_best.pt","128","","configs/mamba_tinystories_8k/model.yaml","","1","0.8","tokenizers/tinystories_8k","","","","","","","","","","","1",""
"eval_mamba_tinystories_8k_mamba_best_20251226_003129","finished","-","","","2025-12-25T23:31:31.000Z","442","","1","3","256","16","0.1","2","","","./lm_dataset/tinystories_8k","","","6","","","","256","8192","results/mamba_tinystories_8k/mamba_best.pt","64","evaluation","","6636544","","0.8","","","","0.012372349469957808","1.012449203614045","1862912","0.5944951801116185","0.7991001564945227","73.33333333333333","0.4055048198883815","0.20089984350547732","",""
"mamba_tinystories_8k_20251225_233231","finished","-","","","2025-12-25T22:32:33.000Z","3057","","32","3","256","16","0.1","2","1","0.0003","./lm_dataset/tinystories_8k","1","1","6","4","0","mamba_tinystories_8k_20251225_233231","256","8192","","","","","","","","","","4","0.012393335942505744","1.0124704515744214","","","","","","","","0.02626838978265592"
"mamba_tinystories_8k_20251225_170715","crashed","-","","","2025-12-25T16:07:16.000Z","316","","32","3","256","16","0.1","2","1","0.0003","./lm_dataset/tinystories_8k","1","1","6","4","0","mamba_tinystories_8k_20251225_170715","256","8192","","","","","","","","","","","","","","","","","","","",""
"generate_20251225_165257","finished","-","","","2025-12-25T15:52:58.000Z","12","","","","","","","","","","","","","","","","","","","results/mamba_tinystories_8k/mamba_best.pt","128","","configs/mamba_tinystories_8k/model.yaml","","1","0.8","tokenizers/tinystories_8k","","","","","","","","","","","1",""
"eval_mamba_tinystories_8k_mamba_best_20251225_161049","finished","-","","","2025-12-25T15:10:50.000Z","441","","1","3","256","16","0.1","2","","","./lm_dataset/tinystories_8k","","","6","","","","256","8192","results/mamba_tinystories_8k/mamba_best.pt","64","evaluation","","6636544","","0.8","","","","0.026839513527175677","1.027202937358218","1862912","0.6243961352657005","0.8048191107428888","72","0.37560386473429946","0.1951808892571113","",""
"mamba_tinystories_8k_20251225_133855","crashed","-","","","2025-12-25T12:38:58.000Z","1846","","16","3","256","16","0.1","2","1","0.0003","./lm_dataset/tinystories_8k","1","1","6","4","0","mamba_tinystories_8k_20251225_133855","256","8192","","","","","","","","","","2","0.026844594508900747","1.0272081565708302","","","","","","","","0.07788776325901131"
"generate_20251224_215938","finished","-","","","2025-12-24T20:59:40.000Z","11","","","","","","","","","","","","","","","","","","","results/mamba_tinystories_8k/mamba_best.pt","128","","configs/mamba_tinystories_8k/model.yaml","","1","0.8","tokenizers/tinystories_8k","","","","","","","","","","","1",""
"eval_mamba_tinystories_8k_mamba_best_20251224_214344","finished","-","","","2025-12-24T20:43:46.000Z","445","","1","3","256","16","0.1","2","","","./lm_dataset/tinystories_8k","","","6","","","","256","8192","results/mamba_tinystories_8k/mamba_best.pt","64","evaluation","","6636544","","0.8","","","","0.001035998091271742","1.0010365349226638","1862912","0.5714738711314054","0.7850808555033907","73.33333333333333","0.42852612886859465","0.21491914449660932","",""
"mamba_tinystories_8k_20251224_210749","finished","-","","","2025-12-24T20:07:51.000Z","1799","","8","3","256","16","0.1","2","1","0.0003","./lm_dataset/tinystories_8k","1","1","6","4","0","mamba_tinystories_8k_20251224_210749","256","8192","","","","","","","","","","4","0.0010372800543036946","1.0010378182153177","","","","","","","","0.0035848040745214936"
"generate_20251224_165121","finished","-","","","2025-12-24T15:51:23.000Z","8","","","","","","","","","","","","","","","","","","","results/mamba_tinystories_8k/mamba_best.pt","128","","configs/mamba_tinystories_8k/model.yaml","","1","0.8","tokenizers/tinystories_8k","","","","","","","","","","","1",""
"eval_mamba_tinystories_8k_mamba_best_20251224_160738","finished","-","","","2025-12-24T15:07:40.000Z","230","","1","3","128","16","0.1","2","","","./lm_dataset/tinystories_8k","","","6","","","","256","8192","results/mamba_tinystories_8k/mamba_best.pt","64","evaluation","","2728448","","0.8","","","","0.20195904926619465","1.2237978916635197","1862912","0.746657414868535","0.8811887355086849","72","0.25334258513146507","0.11881126449131496","",""
"mamba_tinystories_8k_20251224_125216","finished","-","","","2025-12-24T11:52:33.000Z","1487","","64","3","128","16","0.1","2","1","0.0003","./lm_dataset/tinystories_8k","1","1","6","4","0","mamba_tinystories_8k_20251224_125216","256","8192","","","","","","","","","","4","0.202047547096746","1.223906199914417","","","","","","","","0.30760543048381805"
"generate_20251224_030600","finished","-","","","2025-12-24T02:06:02.000Z","8","","","","","","","","","","","","","","","","","","","results/mamba_tinystories_8k/mamba_best.pt","128","","configs/mamba_tinystories_8k/model.yaml","","1","0.8","tokenizers/tinystories_8k","","","","","","","","","","","1",""
"eval_mamba_tinystories_8k_mamba_best_20251224_014611","finished","-","","","2025-12-24T00:46:12.000Z","233","","1","3","128","16","0.1","2","","","./lm_dataset/tinystories_8k","","","6","","","","256","8192","results/mamba_tinystories_8k/mamba_best.pt","64","evaluation","","2728448","","0.8","","","","0.026090575616847828","1.0264339141480945","1862912","0.6415959991302457","0.8301354017826768","72.66666666666667","0.35840400086975427","0.16986459821732325","",""
"mamba_tinystories_8k_20251223_162814","crashed","-","","","2025-12-23T15:28:16.000Z","198","","32","3","128","16","0.1","2","1","0.0003","./lm_dataset/tinystories_8k","1","1","6","4","0","mamba_tinystories_8k_20251223_162814","256","8192","","","","","","","","","","","","","","","","","","","",""
"generate_20251223_162442","finished","-","","","2025-12-23T15:24:43.000Z","8","","","","","","","","","","","","","","","","","","","results/mamba_tinystories_8k/mamba_best.pt","128","","configs/mamba_tinystories_8k/model.yaml","","1","0.8","tokenizers/tinystories_8k","","","","","","","","","","","1",""
"eval_mamba_tinystories_8k_mamba_best_20251223_154431","finished","-","","","2025-12-23T14:44:33.000Z","233","","1","3","128","16","0.1","2","","","./lm_dataset/tinystories_8k","","","6","","","","256","8192","results/mamba_tinystories_8k/mamba_best.pt","64","evaluation","","2728448","","0.8","","","","0.026090575616847828","1.0264339141480945","1862912","0.6080669710806698","0.8082942097026603","73.33333333333333","0.3919330289193303","0.1917057902973396","",""
"mamba_tinystories_8k_20251223_141619","finished","-","","","2025-12-23T13:16:20.000Z","1999","","16","3","128","16","0.1","2","1","0.0003","./lm_dataset/tinystories_8k","1","1","6","4","0","mamba_tinystories_8k_20251223_141619","256","8192","","","","","","","","","","4","0.026095509080850815","1.0264389780353524","","","","","","","","0.04886532859815346"
"generate_20251223_131436","finished","-","","","2025-12-23T12:14:38.000Z","8","","","","","","","","","","","","","","","","","","","results/mamba_tinystories_8k/mamba_best.pt","128","","configs/mamba_tinystories_8k/model.yaml","","1","0.8","tokenizers/tinystories_8k","","","","","","","","","","","1",""
"eval_mamba_tinystories_8k_mamba_best_20251223_121445","finished","-","","","2025-12-23T11:14:47.000Z","235","","1","3","128","16","0.1","2","","","./lm_dataset/tinystories_8k","","","6","","","","256","8192","results/mamba_tinystories_8k/mamba_best.pt","64","evaluation","","2728448","","0.8","","","","0.008308028779350942","1.008342636223942","1862912","0.5822402781508341","0.795456403428865","72","0.4177597218491658","0.20454359657113497","",""
"mamba_tinystories_8k_20251223_115858","finished","-","","","2025-12-23T10:58:59.000Z","929","","8","3","128","16","0.1","2","1","0.0003","./lm_dataset/tinystories_8k","1","1","6","4","0","mamba_tinystories_8k_20251223_115858","256","8192","","","","","","","","","","4","0.00830977282871922","1.0083443948248132","","","","","","","","0.01808865446019099"
"generate_20251223_103056","finished","-","","","2025-12-23T09:30:57.000Z","14","","","","","","","","","","","","","","","","","","","results/mamba_tinystories_8k/mamba_best.pt","128","","configs/mamba_tinystories_8k/model.yaml","","1","0.8","tokenizers/tinystories_8k","","","","","","","","","","","1",""
"eval_mamba_tinystories_8k_mamba_best_20251223_102052","finished","-","","","2025-12-23T09:20:54.000Z","581","","1","3","512","16","0.1","2","","","./lm_dataset/tinystories_8k","","","4","","","","256","8192","results/mamba_tinystories_8k/mamba_best.pt","64","evaluation","","14834688","","0.8","","","","0.0060055485391573155","1.0060236180000166","1862912","0.6220192795535261","0.8152246814218644","70.66666666666667","0.37798072044647385","0.18477531857813545","",""
"mamba_tinystories_8k_20251223_090809","finished","-","","","2025-12-23T08:08:11.000Z","4228","","64","3","512","16","0.1","2","1","0.0003","./lm_dataset/tinystories_8k","1","1","4","4","0","mamba_tinystories_8k_20251223_090809","256","8192","","","","","","","","","","4","0.006010313659269167","1.0060284118348135","","","","","","","","0.016103656913496946"
"generate_20251223_090400","finished","-","","","2025-12-23T08:04:02.000Z","14","","","","","","","","","","","","","","","","","","","results/mamba_tinystories_8k/mamba_best.pt","128","","configs/mamba_tinystories_8k/model.yaml","","1","0.8","tokenizers/tinystories_8k","","","","","","","","","","","1",""
"eval_mamba_tinystories_8k_mamba_best_20251223_085400","finished","-","","","2025-12-23T07:54:03.000Z","580","","1","3","512","16","0.1","2","","","./lm_dataset/tinystories_8k","","","4","","","","256","8192","results/mamba_tinystories_8k/mamba_best.pt","64","evaluation","","14834688","","0.8","","","","0.001646569901953015","1.0016479262425084","1862912","0.5760400811770675","0.7897104851330203","73.33333333333333","0.42395991882293255","0.2102895148669797","",""
"mamba_tinystories_8k_20251222_222558","finished","-","","","2025-12-22T21:26:00.000Z","4293","","32","3","512","16","0.1","2","1","0.0003","./lm_dataset/tinystories_8k","1","1","4","4","0","mamba_tinystories_8k_20251222_222558","256","8192","","","","","","","","","","4","0.0016490568280763305","1.00165041727","","","","","","","","0.005302746114402748"
"generate_20251222_221501","finished","-","","","2025-12-22T21:15:03.000Z","14","","","","","","","","","","","","","","","","","","","results/mamba_tinystories_8k/mamba_best.pt","128","","configs/mamba_tinystories_8k/model.yaml","","1","0.8","tokenizers/tinystories_8k","","","","","","","","","","","1",""
"eval_mamba_tinystories_8k_mamba_best_20251222_220123","finished","-","","","2025-12-22T21:01:25.000Z","581","","1","3","512","16","0.1","2","","","./lm_dataset/tinystories_8k","","","4","","","","256","8192","results/mamba_tinystories_8k/mamba_best.pt","64","evaluation","","14834688","","0.8","","","","0.0005012578113325223","1.0005013834620229","1862912","0.5806062912227296","0.7897104851330203","73.33333333333333","0.4193937087772704","0.2102895148669797","",""
"mamba_tinystories_8k_20251222_200316","finished","-","","","2025-12-22T19:03:17.000Z","5099","","16","3","512","16","0.1","2","1","0.0003","./lm_dataset/tinystories_8k","1","1","4","4","0","mamba_tinystories_8k_20251222_200316","256","8192","","","","","","","","","","4","0.0005013203085272235","1.0005014459905546","","","","","","","","0.0016769489091769845"
"generate_20251222_195856","finished","-","","","2025-12-22T18:58:58.000Z","14","","","","","","","","","","","","","","","","","","","results/mamba_tinystories_8k/mamba_best.pt","128","","configs/mamba_tinystories_8k/model.yaml","","1","0.8","tokenizers/tinystories_8k","","","","","","","","","","","1",""
"eval_mamba_tinystories_8k_mamba_best_20251222_194531","finished","-","","","2025-12-22T18:45:33.000Z","579","","1","3","512","16","0.1","2","","","./lm_dataset/tinystories_8k","","","4","","","","256","8192","results/mamba_tinystories_8k/mamba_best.pt","64","evaluation","","14834688","","0.8","","","","0.00014043993341649196","1.0001404497955655","1862912","0.5667808219178082","0.7850156494522692","73.33333333333333","0.43321917808219174","0.21498435054773088","",""
"mamba_tinystories_8k_20251222_185017","finished","-","","","2025-12-22T17:50:19.000Z","2535","","8","3","512","16","0.1","2","1","0.0003","./lm_dataset/tinystories_8k","1","1","4","4","0","mamba_tinystories_8k_20251222_185017","256","8192","","","","","","","","","","4","0.00014046287083496842","1.000140472736206","","","","","","","","0.00048715609138905695"
"generate_20251222_184331","finished","-","","","2025-12-22T17:43:33.000Z","8","","","","","","","","","","","","","","","","","","","results/mamba_tinystories_8k/mamba_best.pt","128","","configs/mamba_tinystories_8k/model.yaml","","1","0.8","tokenizers/tinystories_8k","","","","","","","","","","","1",""
"eval_mamba_tinystories_8k_mamba_best_20251222_183517","finished","-","","","2025-12-22T17:35:19.000Z","302","","1","3","256","16","0.1","2","","","./lm_dataset/tinystories_8k","","","4","","","","256","8192","results/mamba_tinystories_8k/mamba_best.pt","64","evaluation","","5844480","","0.8","","","","0.03790950905508608","1.0386372413604776","1862912","0.6429253588802339","0.8286852124354752","72","0.35707464111976606","0.17131478756452478","",""
"mamba_tinystories_8k_20251222_175554","finished","-","","","2025-12-22T16:55:56.000Z","1939","","64","3","256","16","0.1","2","1","0.0003","./lm_dataset/tinystories_8k","1","1","4","4","0","mamba_tinystories_8k_20251222_175554","256","8192","","","","","","","","","","4","0.037932041640344416","1.0386606448063402","","","","","","","","0.06847021885608372"
"generate_20251222_164620","finished","-","","","2025-12-22T15:46:22.000Z","9","","","","","","","","","","","","","","","","","","","results/mamba_tinystories_8k/mamba_best.pt","128","","configs/mamba_tinystories_8k/model.yaml","","1","0.8","tokenizers/tinystories_8k","","","","","","","","","","","1",""
"eval_mamba_tinystories_8k_mamba_best_20251222_155027","finished","-","","","2025-12-22T14:50:29.000Z","299","","1","3","256","16","0.1","2","","","./lm_dataset/tinystories_8k","","","4","","","","256","8192","results/mamba_tinystories_8k/mamba_best.pt","64","evaluation","","5844480","","0.8","","","","0.012313342403810662","1.0123894637194717","1862912","0.6342555286954964","0.824120788856967","72","0.3657444713045035","0.17587921114303287","",""
"mamba_tinystories_8k_20251222_131325","finished","-","","","2025-12-22T12:13:29.000Z","2138","","32","3","256","16","0.1","2","1","0.0003","./lm_dataset/tinystories_8k","1","1","4","4","0","mamba_tinystories_8k_20251222_131325","256","8192","","","","","","","","","","4","0.012331666443251855","1.012408014953901","","","","","","","","0.026380014148328388"
"generate_20251222_130750","finished","-","","","2025-12-22T12:07:58.000Z","27","","","","","","","","","","","","","","","","","","","results/mamba_tinystories_8k/mamba_best.pt","128","","configs/mamba_tinystories_8k/model.yaml","","1","0.8","tokenizers/tinystories_8k","","","","","","","","","","","1",""
"eval_mamba_tinystories_8k_mamba_best_20251222_125705","failed","-","","","2025-12-22T11:57:09.000Z","386","","1","3","256","16","0.1","2","","","./lm_dataset/tinystories_8k","","","4","","","","256","8192","results/mamba_tinystories_8k/mamba_best.pt","64","evaluation","","5844480","","0.8","","","","0.0035815576371416614","1.0035879790786617","1862912","0.5898655504819889","0.7944053208137715","73.33333333333333","0.4101344495180112","0.2055946791862285","",""
"mamba_tinystories_8k_20251222_121247","finished","-","","","2025-12-22T11:12:51.000Z","2582","","16","3","256","16","0.1","2","1","0.0003","./lm_dataset/tinystories_8k","1","1","4","4","0","mamba_tinystories_8k_20251222_121247","256","8192","","","","","","","","","","4","0.0035828757832840003","1.0035893019551565","","","","","","","","0.009600479371211194"
"generate_20251221_214510","finished","-","","","2025-12-21T20:45:12.000Z","9","","","","","","","","","","","","","","","","","","","results/mamba_tinystories_8k/mamba_best.pt","128","","configs/mamba_tinystories_8k/model.yaml","","1","0.8","tokenizers/tinystories_8k","","","","","","","","","","","1",""
"eval_mamba_tinystories_8k_mamba_best_20251221_213948","finished","-","","","2025-12-21T20:39:50.000Z","302","","1","3","256","16","0.1","2","","","./lm_dataset/tinystories_8k","","","4","","","","256","8192","results/mamba_tinystories_8k/mamba_best.pt","64","evaluation","","5844480","","0.8","","","","0.0032070427940158494","1.0032121908576397","1862912","0.5806062912227296","0.7897104851330203","73.33333333333333","0.4193937087772704","0.2102895148669797","",""
"mamba_tinystories_8k_20251221_212202","finished","-","","","2025-12-21T20:22:04.000Z","940","","15","3","256","16","0.1","2","1","0.0003","./lm_dataset/tinystories_8k","1","1","4","4","0","mamba_tinystories_8k_20251221_212202","256","8192","","","","","","","","","","4","0.003203607094857398","1.0032087441282806","","","","","","","","0.008781147528144649"
"generate_20251221_205148","finished","-","","","2025-12-21T19:51:50.000Z","9","","","","","","","","","","","","","","","","","","","results/mamba_tinystories_8k/mamba_best.pt","128","","configs/mamba_tinystories_8k/model.yaml","","1","0.8","tokenizers/tinystories_8k","","","","","","","","","","","1",""
"eval_mamba_tinystories_8k_mamba_best_20251221_204019","finished","-","","","2025-12-21T19:40:20.000Z","304","","1","3","256","16","0.1","2","","","./lm_dataset/tinystories_8k","","","4","","","","256","8192","results/mamba_tinystories_8k/mamba_best.pt","64","evaluation","","5844480","","0.8","","","","0.0010321204187052368","1.00103265323828","1862912","0.5667808219178082","0.7850156494522692","73.33333333333333","0.43321917808219174","0.21498435054773088","",""
"mamba_tinystories_8k_20251221_201832","finished","-","","","2025-12-21T19:18:34.000Z","1287","","8","3","256","16","0.1","2","1","0.0003","./lm_dataset/tinystories_8k","1","1","4","4","0","mamba_tinystories_8k_20251221_201832","256","8192","","","","","","","","","","4","0.0010323374877091508","1.0010328705314646","","","","","","","","0.003457722678437706"
"mamba_tinystories_8k_20251221_195500","finished","-","","","2025-12-21T18:55:02.000Z","1024","","8","3","256","16","0.1","2","1","0.0003","./lm_dataset/tinystories_8k","1","1","4","4","0","mamba_tinystories_8k_20251221_195500","256","8192","","","","","","","","","","3","0.0029417131552191265","1.0029460442392573","","","","","","","","0.009804207439519015"
"generate_20251221_195104","finished","-","","","2025-12-21T18:51:06.000Z","7","","","","","","","","","","","","","","","","","","","results/mamba_tinystories_8k/mamba_best.pt","128","","configs/mamba_tinystories_8k/model.yaml","","1","0.8","tokenizers/tinystories_8k","","","","","","","","","","","1",""
"eval_mamba_tinystories_8k_mamba_best_20251221_194803","finished","-","","","2025-12-21T18:48:05.000Z","159","","1","3","128","16","0.1","2","","","./lm_dataset/tinystories_8k","","","4","","","","256","8192","results/mamba_tinystories_8k/mamba_best.pt","64","evaluation","","2529024","","0.8","","","","0.07475968768495861","1.0776251531704026","1862912","0.6636859462201928","0.8364632237871673","73.33333333333333","0.3363140537798072","0.16353677621283255","",""
"mamba_tinystories_8k_20251221_192544","finished","-","","","2025-12-21T18:25:46.000Z","1171","","32","3","128","16","0.1","2","1","0.0003","./lm_dataset/tinystories_8k","1","1","4","4","0","mamba_tinystories_8k_20251221_192544","256","8192","","","","","","","","","","4","0.07483541771050609","1.0777067648409708","","","","","","","","0.1242075459214679"
"generate_20251221_192206","finished","-","","","2025-12-21T18:22:08.000Z","7","","","","","","","","","","","","","","","","","","","results/mamba_tinystories_8k/mamba_best.pt","128","","configs/mamba_tinystories_8k/model.yaml","","1","0.8","tokenizers/tinystories_8k","","","","","","","","","","","1",""
"eval_mamba_tinystories_8k_mamba_best_20251221_191732","finished","-","","","2025-12-21T18:17:33.000Z","159","","1","3","128","16","0.1","2","","","./lm_dataset/tinystories_8k","","","4","","","","256","8192","results/mamba_tinystories_8k/mamba_best.pt","64","evaluation","","2529024","","0.8","","","","0.07558277931145764","1.0785125025453053","1862912","0.6762055080355293","0.8451822043371339","73","0.32379449196447074","0.1548177956628661","",""
"mamba_tinystories_8k_20251221_185723","finished","-","","","2025-12-21T17:57:25.000Z","1185","","32","3","128","16","0.1","2","1","0.0003","./lm_dataset/tinystories_8k","1","1","4","4","0","mamba_tinystories_8k_20251221_185723","256","8192","","","","","","","","","","4","0.07565803789909471","1.0785936729273415","","","","","","","","0.12477975230860083"
"generate_20251221_185312","finished","-","","","2025-12-21T17:53:13.000Z","7","","","","","","","","","","","","","","","","","","","results/mamba_tinystories_8k/mamba_best.pt","128","","configs/mamba_tinystories_8k/model.yaml","","1","0.8","tokenizers/tinystories_8k","","","","","","","","","","","1",""
"eval_mamba_tinystories_8k_mamba_best_20251221_184949","finished","-","","","2025-12-21T17:49:51.000Z","159","","1","3","128","16","0.1","2","","","./lm_dataset/tinystories_8k","","","4","","","","256","8192","results/mamba_tinystories_8k/mamba_best.pt","64","evaluation","","2529024","","0.8","","","","0.025576066918675863","1.025905940806252","1862912","0.6269025875190258","0.8131846635367763","73.33333333333333","0.3730974124809741","0.1868153364632238","",""
"mamba_tinystories_8k_20251221_181135","finished","-","","","2025-12-21T17:11:37.000Z","1397","","16","3","128","16","0.1","2","1","0.0003","./lm_dataset/tinystories_8k","1","1","4","4","0","mamba_tinystories_8k_20251221_181135","256","8192","","","","","","","","","","4","0.025580053021210237","1.025910030180673","","","","","","","","0.04799862533480256"
"mamba_tinystories_8k_20251221_175836","finished","-","","","2025-12-21T16:58:38.000Z","750","","16","3","128","16","0.1","2","1","0.0003","./lm_dataset/tinystories_8k","1","1","4","4","0","mamba_tinystories_8k_20251221_175836","256","8192","","","","","","","","","","2","0.11828161003170432","1.125561036019706","","","","","","","","0.2540428095957735"
"generate_20251221_175423","finished","-","","","2025-12-21T16:54:24.000Z","8","","","","","","","","","","","","","","","","","","","results/mamba_tinystories_8k/mamba_best.pt","128","","configs/mamba_tinystories_8k/model.yaml","","1","0.8","tokenizers/tinystories_8k","","","","","","","","","","","1",""
"eval_mamba_tinystories_8k_mamba_best_20251221_175120","finished","-","","","2025-12-21T16:51:22.000Z","160","","1","3","128","16","0.1","2","","","./lm_dataset/tinystories_8k","","","4","","","","256","8192","results/mamba_tinystories_8k/mamba_best.pt","64","evaluation","","2529024","","0.8","","","","0.008238566065506056","1.0082725964405492","1862912","0.598997970573313","0.7990349504434011","73.33333333333333","0.40100202942668695","0.20096504955659888","",""
"mamba_tinystories_8k_20251221_145147","finished","-","","","2025-12-21T13:51:48.000Z","665","","8","3","128","16","0.1","2","1","0.0003","./lm_dataset/tinystories_8k","1","1","4","4","0","mamba_tinystories_8k_20251221_145147","256","8192","","","","","","","","","","4","0.008240503614965396","1.008274550020466","","","","","","","","0.018063514920688428"
"generate_20251221_104728","crashed","-","","","2025-12-21T10:19:58.000Z","0","","","","","","","","","","","","","","","","","","","results/mamba_tinystories_8k/mamba_best.pt","128","","configs/mamba_tinystories_8k/model.yaml","","1","0.8","tokenizers/tinystories_8k","","","","","","","","","","","",""
"mamba_tinystories_8k_20251221_014702","finished","-","","","2025-12-21T00:47:05.000Z","685","","8","3","128","16","0.1","2","1","0.0003","./lm_dataset/tinystories_8k","1","1","4","4","0","mamba_tinystories_8k_20251221_014702","256","8192","","","","","","","","","","4","0.008304319595073729","1.0083388961022262","","","","","","","","0.018093023732161293"
"generate_20251218_145704","finished","-","","","2025-12-18T13:57:05.000Z","6","","","","","","","","","","","","","","","","","","","results/mamba_tinystories_8k/mamba_best.pt","128","","configs/mamba_tinystories_8k/model.yaml","","1","0.8","tokenizers/tinystories_8k","","","","","","","","","","","1",""
"mamba_tinystories_8k_20251218_143325","finished","-","","","2025-12-18T13:33:26.000Z","1358","","16","3","128","16","0.1","2","1","0.0003","./lm_dataset/tinystories_8k","1","1","4","4","0","mamba_tinystories_8k_20251218_143325","256","8192","","","","","","","","","","4","0.025790544829566726","1.0261259985671274","","","","","","","","0.04842126777620761"
"generate_20251218_142930","finished","-","","","2025-12-18T13:29:31.000Z","6","","","","","","","","","","","","","","","","","","","results/mamba_tinystories_8k/mamba_best.pt","128","","configs/mamba_tinystories_8k/model.yaml","","1","0.8","tokenizers/tinystories_8k","","","","","","","","","","","1",""
"eval_mamba_tinystories_8k_mamba_best_20251218_142353","finished","-","","","2025-12-18T13:23:54.000Z","160","","1","3","128","16","0.1","2","","","./lm_dataset/tinystories_8k","","","4","","","","256","8192","results/mamba_tinystories_8k/mamba_best.pt","64","evaluation","","2529024","","0.8","","","","0.008389468147563436","1.0084247583551196","1862912","0.5713470319634703","0.7850156494522692","73.33333333333333","0.4286529680365296","0.21498435054773088","",""
"mamba_tinystories_8k_20251218_131757","finished","-","","","2025-12-18T12:17:58.000Z","675","","8","3","128","16","0.1","2","1","0.0003","./lm_dataset/tinystories_8k","1","1","4","4","0","mamba_tinystories_8k_20251218_131757","256","8192","","","","","","","","","","4","0.00839173867358253","1.0084270480123712","","","","","","","","0.018269298975816466"
"generate_20251218_130728","finished","-","","","2025-12-18T12:07:30.000Z","11","","","","","","","","","","","","","","","","","","","results/mamba_tinystories_8k/mamba_best.pt","128","","configs/mamba_tinystories_8k/model.yaml","","1","0.8","tokenizers/tinystories_8k","","","","","","","","","","","1",""
"eval_mamba_tinystories_8k_mamba_best_20251218_125533","finished","-","","","2025-12-18T11:55:34.000Z","305","","1","3","512","16","0.1","2","","","./lm_dataset/tinystories_8k","","","2","","","","256","8192","results/mamba_tinystories_8k/mamba_best.pt","64","evaluation","","11677696","","0.8","","","","0.005188112623388196","1.0052015941842198","1862912","0.5851725012683916","0.79434011476265","73.33333333333333","0.4148274987316083","0.20565988523735004","",""
"mamba_tinystories_8k_20251218_120143","finished","-","","","2025-12-18T11:01:44.000Z","1964","","64","3","512","16","0.1","2","1","0.0003","./lm_dataset/tinystories_8k","1","1","2","4","0","mamba_tinystories_8k_20251218_120143","256","8192","","","","","","","","","","4","0.005192565629585532","1.0052060703631147","","","","","","","","0.014448646701088076"
"generate_20251218_115446","finished","-","","","2025-12-18T10:54:47.000Z","7","","","","","","","","","","","","","","","","","","","results/mamba_tinystories_8k/mamba_best.pt","128","","configs/mamba_tinystories_8k/model.yaml","","1","0.8","tokenizers/tinystories_8k","","","","","","","","","","","1",""
"eval_mamba_tinystories_8k_mamba_best_20251218_114928","finished","-","","","2025-12-18T10:49:29.000Z","298","","1","3","512","16","0.1","2","","","./lm_dataset/tinystories_8k","","","2","","","","256","8192","results/mamba_tinystories_8k/mamba_best.pt","64","evaluation","","11677696","","0.8","","","","0.0014425775546174724","1.0014436185701396","1862912","0.5897387113140539","0.79434011476265","73.33333333333333","0.4102612886859462","0.20565988523735004","",""
"mamba_tinystories_8k_20251218_111312","finished","-","","","2025-12-18T10:13:12.000Z","2154","","32","3","512","16","0.1","2","1","0.0003","./lm_dataset/tinystories_8k","1","1","2","4","0","mamba_tinystories_8k_20251218_111312","256","8192","","","","","","","","","","4","0.0014444455481951305","1.0014454892621347","","","","","","","","0.00477526707497115"
"generate_20251218_110743","finished","-","","","2025-12-18T10:07:43.000Z","8","","","","","","","","","","","","","","","","","","","results/mamba_tinystories_8k/mamba_best.pt","128","","configs/mamba_tinystories_8k/model.yaml","","1","0.8","tokenizers/tinystories_8k","","","","","","","","","","","1",""
"eval_mamba_tinystories_8k_mamba_best_20251218_110236","finished","-","","","2025-12-18T10:02:37.000Z","296","","1","3","512","16","0.1","2","","","./lm_dataset/tinystories_8k","","","2","","","","256","8192","results/mamba_tinystories_8k/mamba_best.pt","64","evaluation","","11677696","","0.8","","","","0.0004552933228221137","1.0004553969845589","1862912","0.5714104515474377","0.7897104851330203","73.33333333333333","0.42858954845256214","0.2102895148669797","",""
"mamba_tinystories_8k_20251218_101741","finished","-","","","2025-12-18T09:17:42.000Z","2641","","16","3","512","16","0.1","2","1","0.0003","./lm_dataset/tinystories_8k","1","1","2","4","0","mamba_tinystories_8k_20251218_101741","256","8192","","","","","","","","","","4","0.0004553493734060245","1.0004554530606693","","","","","","","","0.0015396386564064484"
"generate_20251218_101117","finished","-","","","2025-12-18T09:11:18.000Z","8","","","","","","","","","","","","","","","","","","","results/mamba_tinystories_8k/mamba_best.pt","128","","configs/mamba_tinystories_8k/model.yaml","","1","0.8","tokenizers/tinystories_8k","","","","","","","","","","","1",""
"eval_mamba_tinystories_8k_mamba_best_20251217_150132","failed","-","","","2025-12-17T14:01:33.000Z","68966","","1","3","512","16","0.1","2","","","./lm_dataset/tinystories_8k","","","2","","","","256","8192","results/mamba_tinystories_8k/mamba_best.pt","64","evaluation","","11677696","","0.8","","","","0.00013132384703728095","1.000131332470391","1862912","0.5667808219178082","0.7850156494522692","73.33333333333333","0.43321917808219174","0.21498435054773088","",""
"mamba_tinystories_8k_20251217_143713","finished","-","","","2025-12-17T13:37:14.000Z","1332","","8","3","512","16","0.1","2","1","0.0003","./lm_dataset/tinystories_8k","1","1","2","4","0","mamba_tinystories_8k_20251217_143713","256","8192","","","","","","","","","","4","0.00013133981296710112","1.000131348438418","","","","","","","","0.00045139498977952606"
"generate_20251217_143122","finished","-","","","2025-12-17T13:31:23.000Z","6","","","","","","","","","","","","","","","","","","","results/mamba_tinystories_8k/mamba_best.pt","128","","configs/mamba_tinystories_8k/model.yaml","","1","0.8","tokenizers/tinystories_8k","","","","","","","","","","","1",""
"mamba_tinystories_8k_20251217_140927","finished","-","","","2025-12-17T13:09:28.000Z","1169","","64","3","256","16","0.1","2","1","0.0003","./lm_dataset/tinystories_8k","1","1","2","4","0","mamba_tinystories_8k_20251217_140927","256","8192","","","","","","","","","","4","0.03681852583561027","1.0375047234503798","","","","","","","","0.06751140857344134"
"generate_20251217_140614","finished","-","","","2025-12-17T13:06:15.000Z","6","","","","","","","","","","","","","","","","","","","results/mamba_tinystories_8k/mamba_best.pt","128","","configs/mamba_tinystories_8k/model.yaml","","1","0.8","tokenizers/tinystories_8k","","","","","","","","","","","1",""
"eval_mamba_tinystories_8k_mamba_best_20251217_140309","finished","-","","","2025-12-17T13:03:10.000Z","165","","1","3","256","16","0.1","2","","","./lm_dataset/tinystories_8k","","","2","","","","256","8192","results/mamba_tinystories_8k/mamba_best.pt","64","evaluation","","5052416","","0.8","","","","0.012093889644174054","1.0121673164341405","1862912","0.598997970573313","0.8036645800730309","73.33333333333333","0.40100202942668695","0.19633541992696923","",""
"mamba_tinystories_8k_20251217_134303","finished","-","","","2025-12-17T12:43:04.000Z","1185","","32","3","256","16","0.1","2","1","0.0003","./lm_dataset/tinystories_8k","1","1","2","4","0","mamba_tinystories_8k_20251217_134303","256","8192","","","","","","","","","","4","0.012110162105640036","1.0121837870218022","","","","","","","","0.02618482177505237"
"generate_20251217_133936","finished","-","","","2025-12-17T12:39:36.000Z","6","","","","","","","","","","","","","","","","","","","results/mamba_tinystories_8k/mamba_best.pt","128","","configs/mamba_tinystories_8k/model.yaml","","1","0.8","tokenizers/tinystories_8k","","","","","","","","","","","1",""
"eval_mamba_tinystories_8k_mamba_best_20251217_133641","finished","-","","","2025-12-17T12:36:42.000Z","163","","1","3","256","16","0.1","2","","","./lm_dataset/tinystories_8k","","","2","","","","256","8192","results/mamba_tinystories_8k/mamba_best.pt","64","evaluation","","5052416","","0.8","","","","0.003623779198414354","1.0036303530245534","1862912","0.5852359208523592","0.7897104851330203","73.33333333333333","0.4147640791476408","0.2102895148669797","",""
"mamba_tinystories_8k_20251217_131103","finished","-","","","2025-12-17T12:11:04.000Z","1413","","16","3","256","16","0.1","2","1","0.0003","./lm_dataset/tinystories_8k","1","1","2","4","0","mamba_tinystories_8k_20251217_131103","256","8192","","","","","","","","","","4","0.003625161479518923","1.0036317403247852","","","","","","","","0.009786099463107658"
"generate_20251217_130713","finished","-","","","2025-12-17T12:07:14.000Z","6","","","","","","","","","","","","","","","","","","","results/mamba_tinystories_8k/mamba_best.pt","128","","configs/mamba_tinystories_8k/model.yaml","","1","0.8","tokenizers/tinystories_8k","","","","","","","","","","","1",""
"eval_mamba_tinystories_8k_mamba_best_20251217_130350","finished","-","","","2025-12-17T12:03:51.000Z","164","","1","3","256","16","0.1","2","","","./lm_dataset/tinystories_8k","","","2","","","","256","8192","results/mamba_tinystories_8k/mamba_best.pt","64","evaluation","","5052416","","0.8","","","","0.0010008809247650842","1.0010013819732273","1862912","0.5714738711314055","0.7850808555033907","73.33333333333333","0.42852612886859465","0.21491914449660932","",""
"mamba_tinystories_8k_20251217_124507","finished","-","","","2025-12-17T11:45:08.000Z","763","","8","3","256","16","0.1","2","1","0.0003","./lm_dataset/tinystories_8k","1","1","2","4","0","mamba_tinystories_8k_20251217_124507","256","8192","","","","","","","","","","4","0.0010013443789800506","1.0010018458916443","","","","","","","","0.0033500387965942026"
"generate_20251217_123655","finished","-","","","2025-12-17T11:36:56.000Z","5","","","","","","","","","","","","","","","","","","","results/mamba_tinystories_8k/mamba_best.pt","128","","configs/mamba_tinystories_8k/model.yaml","","1","0.8","tokenizers/tinystories_8k","","","","","","","","","","","1",""
"eval_mamba_tinystories_8k_mamba_best_20251217_123458","finished","-","","","2025-12-17T11:34:59.000Z","91","","1","3","128","16","0.1","2","","","./lm_dataset/tinystories_8k","","","2","","","","256","8192","results/mamba_tinystories_8k/mamba_best.pt","64","evaluation","","2329600","","0.8","","","","0.07764577559462045","1.08073976645806","1862912","0.6805555555555557","0.8497652582159624","73","0.3194444444444444","0.1502347417840376","",""
"generate_20251217_122844","finished","-","","","2025-12-17T11:28:45.000Z","4","","","","","","","","","","","","","","","","","","","results/mamba_tinystories_8k/mamba_best.pt","128","","configs/mamba_tinystories_8k/model.yaml","","1","0.8","tokenizers/tinystories_8k","","","","","","","","","","","1",""
"eval_mamba_tinystories_8k_mamba_best_20251217_122658","finished","-","","","2025-12-17T11:26:59.000Z","90","","1","3","128","16","0.1","2","","","./lm_dataset/tinystories_8k","","","2","","","","256","8192","results/mamba_tinystories_8k/mamba_best.pt","64","evaluation","","2329600","","0.8","","","","0.07764577559462045","1.08073976645806","1862912","0.6601403914631104","0.8323233518759615","71.66666666666667","0.3398596085368896","0.16767664812403835","",""
"mamba_tinystories_8k_20251217_121453","finished","-","","","2025-12-17T11:14:54.000Z","699","","32","3","128","16","0.1","2","1","0.0003","./lm_dataset/tinystories_8k","1","1","2","4","0","mamba_tinystories_8k_20251217_121453","256","8192","","","","","","","","","","4","0.07772379878320192","1.0808240925103167","","","","","","","","0.1281803738848682"
"generate_20251217_121146","finished","-","","","2025-12-17T11:11:47.000Z","5","","","","","","","","","","","","","","","","","","","results/mamba_tinystories_8k/mamba_best.pt","128","","configs/mamba_tinystories_8k/model.yaml","","1","0.8","tokenizers/tinystories_8k","","","","","","","","","","","1",""
"eval_mamba_tinystories_8k_mamba_best_20251217_121003","finished","-","","","2025-12-17T11:10:04.000Z","91","","1","3","128","16","0.1","2","","","./lm_dataset/tinystories_8k","","","2","","","","256","8192","results/mamba_tinystories_8k/mamba_best.pt","64","evaluation","","2329600","","0.8","","","","0.0268555099479378","1.027219369060036","1862912","0.6267757483510908","0.8131194574856547","73.33333333333333","0.3732242516489092","0.1868805425143453","",""
"mamba_tinystories_8k_20251217_115642","finished","-","","","2025-12-17T10:56:43.000Z","779","","16","3","128","16","0.1","2","1","0.0003","./lm_dataset/tinystories_8k","1","1","2","4","0","mamba_tinystories_8k_20251217_115642","256","8192","","","","","","","","","","4","0.026859957908003867","1.0272239381009305","","","","","","","","0.050379828224470326"
"generate_20251217_115258","finished","-","","","2025-12-17T10:52:59.000Z","5","","","","","","","","","","","","","","","","","","","results/mamba_tinystories_8k/mamba_best.pt","128","","configs/mamba_tinystories_8k/model.yaml","","1","0.8","tokenizers/tinystories_8k","","","","","","","","","","","1",""
"eval_mamba_tinystories_8k_mamba_best_20251217_114702","finished","-","","","2025-12-17T10:47:03.000Z","92","","1","3","128","16","0.1","2","","","./lm_dataset/tinystories_8k","","","2","","","","256","8192","results/mamba_tinystories_8k/mamba_best.pt","64","evaluation","","2329600","","0.8","","","","0.008602844538507454","1.0086399553487584","1862912","0.5944951801116186","0.7990349504434011","73.33333333333333","0.4055048198883815","0.20096504955659888","",""
"mamba_tinystories_8k_20251217_113740","finished","-","","","2025-12-17T10:37:41.000Z","425","","8","3","128","16","0.1","2","1","0.0003","./lm_dataset/tinystories_8k","1","1","2","4","0","mamba_tinystories_8k_20251217_113740","256","8192","","","","","","","","","","4","0.008604921116544813","1.008642049870512","","","","","","","","0.01873115049521592"
"generate_20251217_113001","finished","-","","","2025-12-17T10:30:02.000Z","8","","","","","","","","","","","","","","","","","","","results/mamba_tinystories_4k/mamba_best.pt","128","","configs/mamba_tinystories_4k/model.yaml","","1","0.8","tokenizers/tinystories_4k","","","","","","","","","","","1",""
"eval_mamba_tinystories_4k_mamba_best_20251217_112856","finished","-","","","2025-12-17T10:28:57.000Z","14","","1","3","512","16","0.1","2","","","./lm_dataset/tinystories_4k","","","2","","","","256","2576","results/mamba_tinystories_4k/mamba_best.pt","64","evaluation","","5926912","","0.8","","","","4.523563327888648","92.16342205106032","12288","0.9651741293532338","0.9848484848484848","67.33333333333333","0.034825870646766156","0.015151515151515138","",""
"mamba_tinystories_4k_20251217_112740","finished","-","","","2025-12-17T10:27:41.000Z","62","","64","3","512","16","0.1","2","1","0.0003","./lm_dataset/tinystories_4k","1","1","2","4","0","mamba_tinystories_4k_20251217_112740","256","2576","","","","","","","","","","4","4.567363023757935","96.28986062087876","","","","","","","","5.071889638900757"
"generate_20251217_112208","finished","-","","","2025-12-17T10:22:08.000Z","8","","","","","","","","","","","","","","","","","","","results/mamba_tinystories_4k/mamba_best.pt","128","","configs/mamba_tinystories_4k/model.yaml","","1","0.8","tokenizers/tinystories_4k","","","","","","","","","","","1",""
"eval_mamba_tinystories_4k_mamba_best_20251217_112136","finished","-","","","2025-12-17T10:21:37.000Z","14","","1","3","512","16","0.1","2","","","./lm_dataset/tinystories_4k","","","2","","","","256","2576","results/mamba_tinystories_4k/mamba_best.pt","64","evaluation","","5926912","","0.8","","","","3.652511025468508","38.57139831313624","12288","0.9397188560852996","0.972277430172167","64.66666666666667","0.06028114391470026","0.02772256982783298","",""
"mamba_tinystories_4k_20251217_112009","finished","-","","","2025-12-17T10:20:10.000Z","65","","32","3","512","16","0.1","2","1","0.0003","./lm_dataset/tinystories_4k","1","1","2","4","0","mamba_tinystories_4k_20251217_112009","256","2576","","","","","","","","","","4","3.6525111198425297","38.571401953274375","","","","","","","","4.16333285967509"
"generate_20251217_111653","finished","-","","","2025-12-17T10:16:54.000Z","8","","","","","","","","","","","","","","","","","","","results/mamba_tinystories_4k/mamba_best.pt","128","","configs/mamba_tinystories_4k/model.yaml","","1","0.8","tokenizers/tinystories_4k","","","","","","","","","","","1",""
"eval_mamba_tinystories_4k_mamba_best_20251217_111632","finished","-","","","2025-12-17T10:16:33.000Z","14","","1","3","512","16","0.1","2","","","./lm_dataset/tinystories_4k","","","2","","","","256","2576","results/mamba_tinystories_4k/mamba_best.pt","64","evaluation","","5926912","","0.8","","","","2.1019070458908877","8.181758032249226","12288","0.8366533603392785","0.9195461401343752","68.33333333333333","0.1633466396607214","0.08045385986562455","",""
"mamba_tinystories_4k_20251217_111406","finished","-","","","2025-12-17T10:14:07.000Z","68","","16","3","512","16","0.1","2","1","0.0003","./lm_dataset/tinystories_4k","1","1","2","4","0","mamba_tinystories_4k_20251217_111406","256","2576","","","","","","","","","","4","2.101907034715017","8.181757940810954","","","","","","","","2.62527589003245"
"generate_20251217_110431","finished","-","","","2025-12-17T10:04:31.000Z","9","","","","","","","","","","","","","","","","","","","results/mamba_tinystories_4k/mamba_best.pt","128","","configs/mamba_tinystories_4k/model.yaml","","1","0.8","tokenizers/tinystories_4k","","","","","","","","","","","1",""
"eval_mamba_tinystories_4k_mamba_best_20251217_110343","finished","-","","","2025-12-17T10:03:44.000Z","15","","1","3","512","16","0.1","2","","","./lm_dataset/tinystories_4k","","","2","","","","256","2576","results/mamba_tinystories_4k/mamba_best.pt","64","evaluation","","5926912","","0.8","","","","1.0093195379401247","2.743733373196407","12288","0.7313697684751883","0.8709387136497111","71.66666666666667","0.26863023152481164","0.12906128635028888","",""
"mamba_tinystories_4k_20251217_110143","finished","-","","","2025-12-17T10:01:44.000Z","57","","8","3","512","16","0.1","2","1","0.0003","./lm_dataset/tinystories_4k","1","1","2","4","0","mamba_tinystories_4k_20251217_110143","256","2576","","","","","","","","","","4","1.0093195339043934","2.7437333621234363","","","","","","","","1.463024655977885"
"generate_20251217_105131","finished","-","","","2025-12-17T09:51:32.000Z","6","","","","","","","","","","","","","","","","","","","results/mamba_tinystories_4k/mamba_best.pt","128","","configs/mamba_tinystories_4k/model.yaml","","1","0.8","tokenizers/tinystories_4k","","","","","","","","","","","1",""
"eval_mamba_tinystories_4k_mamba_best_20251217_104525","finished","-","","","2025-12-17T09:45:26.000Z","8","","1","3","256","16","0.1","2","","","./lm_dataset/tinystories_4k","","","2","","","","256","2576","results/mamba_tinystories_4k/mamba_best.pt","64","evaluation","","2177024","","0.8","","","","6.400335351626079","602.0469014299241","12288","1","1","73.66666666666667","0","0","",""
"mamba_tinystories_4k_20251217_103622","finished","-","","","2025-12-17T09:36:23.000Z","40","","64","3","256","16","0.1","2","1","0.0003","./lm_dataset/tinystories_4k","1","1","2","4","0","mamba_tinystories_4k_20251217_103622","256","2576","","","","","","","","","","4","6.424116611480713","616.5359361395759","","","","","","","","6.648098707199097"
"generate_20251217_103012","finished","-","","","2025-12-17T09:30:13.000Z","7","","","","","","","","","","","","","","","","","","","results/mamba_tinystories_4k/mamba_best.pt","128","","configs/mamba_tinystories_4k/model.yaml","","1","0.8","tokenizers/tinystories_4k","","","","","","","","","","","1",""
"eval_mamba_tinystories_4k_mamba_best_20251217_102956","finished","-","","","2025-12-17T09:29:56.000Z","10","","1","3","256","16","0.1","2","","","./lm_dataset/tinystories_4k","","","2","","","","256","2576","results/mamba_tinystories_4k/mamba_best.pt","64","evaluation","","2177024","","0.8","","","","5.851163660486539","347.6386785941145","12288","1","1","73.33333333333333","0","0","",""
"mamba_tinystories_4k_20251217_102901","finished","-","","","2025-12-17T09:29:02.000Z","39","","32","3","256","16","0.1","2","1","0.0003","./lm_dataset/tinystories_4k","1","1","2","4","0","mamba_tinystories_4k_20251217_102901","256","2576","","","","","","","","","","4","5.851163546244304","347.638638879097","","","","","","","","6.204264163970947"
"generate_20251217_101955","finished","-","","","2025-12-17T09:19:56.000Z","7","","","","","","","","","","","","","","","","","","","results/mamba_tinystories_4k/mamba_best.pt","128","","configs/mamba_tinystories_4k/model.yaml","","1","0.8","tokenizers/tinystories_4k","","","","","","","","","","","1",""
"eval_mamba_tinystories_4k_mamba_best_20251217_101940","finished","-","","","2025-12-17T09:19:41.000Z","9","","1","3","256","16","0.1","2","","","./lm_dataset/tinystories_4k","","","2","","","","256","2576","results/mamba_tinystories_4k/mamba_best.pt","64","evaluation","","2177024","","0.8","","","","4.622115184863408","101.70893797270136","12288","1","1","69.33333333333333","0","0","",""
"mamba_tinystories_4k_20251217_101626","finished","-","","","2025-12-17T09:16:27.000Z","41","","16","3","256","16","0.1","2","1","0.0003","./lm_dataset/tinystories_4k","1","1","2","4","0","mamba_tinystories_4k_20251217_101626","256","2576","","","","","","","","","","4","4.622115055720012","101.70892483766453","","","","","","","","5.048248926798503"
"generate_20251217_101320","finished","-","","","2025-12-17T09:13:21.000Z","6","","","","","","","","","","","","","","","","","","","results/mamba_tinystories_4k/mamba_best.pt","128","","configs/mamba_tinystories_4k/model.yaml","","1","0.8","tokenizers/tinystories_4k","","","","","","","","","","","1",""
"eval_mamba_tinystories_4k_mamba_best_20251217_101257","finished","-","","","2025-12-17T09:12:58.000Z","9","","1","3","256","16","0.1","2","","","./lm_dataset/tinystories_4k","","","2","","","","256","2576","results/mamba_tinystories_4k/mamba_best.pt","64","evaluation","","2177024","","0.8","","","","3.0374812905987105","20.852655257138576","12288","0.967487684729064","0.9834731756928552","64.33333333333333","0.032512315270935975","0.016526824307144656","",""
"mamba_tinystories_4k_20251217_101201","finished","-","","","2025-12-17T09:12:02.000Z","36","","8","3","256","16","0.1","2","1","0.0003","./lm_dataset/tinystories_4k","1","1","2","4","0","mamba_tinystories_4k_20251217_101201","256","2576","","","","","","","","","","4","3.0374812285105386","20.852653962435372","","","","","","","","3.586215376853943"
"generate_20251217_100736","finished","-","","","2025-12-17T09:07:36.000Z","5","","","","","","","","","","","","","","","","","","","results/mamba_tinystories_4k/mamba_best.pt","128","","configs/mamba_tinystories_4k/model.yaml","","1","0.8","tokenizers/tinystories_4k","","","","","","","","","","","1",""
"eval_mamba_tinystories_4k_mamba_best_20251217_100720","finished","-","","","2025-12-17T09:07:21.000Z","7","","1","3","128","16","0.1","2","","","./lm_dataset/tinystories_4k","","","2","","","","256","2576","results/mamba_tinystories_4k/mamba_best.pt","64","evaluation","","891904","","0.8","","","","7.228637546300888","1378.3432952889457","12288","1","1","74.66666666666667","0","0","",""
"eval_mamba_tinystories_4k_mamba_best_20251217_100630","finished","-","","","2025-12-17T09:06:31.000Z","6","","1","3","128","16","0.1","2","","","./lm_dataset/tinystories_4k","","","2","","","","256","2576","results/mamba_tinystories_4k/mamba_best.pt","64","evaluation","","891904","","0.8","","","","7.228637546300888","1378.3432952889457","12288","1","1","75","0","0","",""
"mamba_tinystories_4k_20251217_100547","finished","-","","","2025-12-17T09:05:48.000Z","27","","64","3","128","16","0.1","2","1","0.0003","./lm_dataset/tinystories_4k","1","1","2","4","0","mamba_tinystories_4k_20251217_100547","256","2576","","","","","","","","","","4","7.236401557922363","1389.0864195566548","","","","","","","","7.340442419052124"
"generate_20251217_095834","finished","-","","","2025-12-17T08:58:35.000Z","5","","","","","","","","","","","","","","","","","","","results/mamba_tinystories_4k/mamba_best.pt","128","","configs/mamba_tinystories_4k/model.yaml","","1","0.8","tokenizers/tinystories_4k","","","","","","","","","","","1",""
"eval_mamba_tinystories_4k_mamba_best_20251217_095816","finished","-","","","2025-12-17T08:58:17.000Z","6","","1","3","128","16","0.1","2","","","./lm_dataset/tinystories_4k","","","2","","","","256","2576","results/mamba_tinystories_4k/mamba_best.pt","64","evaluation","","891904","","0.8","","","","7.023687293132146","1122.9195268995784","12288","1","1","56.666666666666664","0","0","",""
"mamba_tinystories_4k_20251217_095736","finished","-","","","2025-12-17T08:57:37.000Z","28","","32","3","128","16","0.1","2","1","0.0003","./lm_dataset/tinystories_4k","1","1","2","4","0","mamba_tinystories_4k_20251217_095736","256","2576","","","","","","","","","","4","7.023687203725179","1122.9194265027536","","","","","","","","7.161702632904053"
"generate_20251217_095018","finished","-","","","2025-12-17T08:50:19.000Z","5","","","","","","","","","","","","","","","","","","","results/mamba_tinystories_4k/mamba_best.pt","128","","configs/mamba_tinystories_4k/model.yaml","","1","0.8","tokenizers/tinystories_4k","","","","","","","","","","","1",""
"eval_mamba_tinystories_4k_mamba_best_20251217_094955","finished","-","","","2025-12-17T08:49:56.000Z","6","","1","3","128","16","0.1","2","","","./lm_dataset/tinystories_4k","","","2","","","","256","2576","results/mamba_tinystories_4k/mamba_best.pt","64","evaluation","","891904","","0.8","","","","6.351485351721446","573.3436938939898","12288","1","1","74.33333333333333","0","0","",""
"mamba_tinystories_4k_20251217_094913","finished","-","","","2025-12-17T08:49:14.000Z","30","","16","3","128","16","0.1","2","1","0.0003","./lm_dataset/tinystories_4k","1","1","2","4","0","mamba_tinystories_4k_20251217_094913","256","2576","","","","","","","","","","4","6.35148557027181","573.3438191984762","","","","","","","","6.58249831199646"
"generate_20251216_133315","finished","-","","","2025-12-16T12:33:16.000Z","6","","","","","","","","","","","","","","","","","","","results/mamba_tinystories_4k/mamba_best.pt","128","","configs/mamba_tinystories_4k/model.yaml","","1","0.8","tokenizers/tinystories_4k","","","","","","","","","","","1",""
"eval_mamba_tinystories_4k_mamba_best_20251216_094506","finished","-","","","2025-12-16T08:45:07.000Z","7","","1","3","128","16","0.1","2","","","./lm_dataset/tinystories_4k","","","2","","","","256","2576","results/mamba_tinystories_4k/mamba_best.pt","64","evaluation","","891904","","0.8","","","","5.333885550498962","207.24165969904004","12288","1","1","72","0","0","",""
"mamba_tinystories_4k_20251216_094008","finished","-","","","2025-12-16T08:40:09.000Z","29","","8","3","128","16","0.1","2","1","0.0003","./lm_dataset/tinystories_4k","1","1","2","4","0","mamba_tinystories_4k_20251216_094008","256","2576","","","","","","","","","","4","5.333885629971822","207.241676169128","","","","","","","","5.663887778917949"
"eval_mamba_tinystories_4k_mamba_best_20251215_152109","finished","-","","","2025-12-15T14:21:10.000Z","8","","1","3","128","16","0.1","2","","","./lm_dataset/tinystories_4k","","","2","","","","256","2576","results/mamba_tinystories_4k/mamba_best.pt","64","evaluation","","891904","","0.8","","","","5.296881318092346","199.7129964336984","12288","1","1","73.66666666666667","0","0","",""
"mamba_tinystories_4k_20251215_152022","finished","-","","","2025-12-15T14:20:23.000Z","34","","8","3","128","16","0.1","2","1","0.0003","./lm_dataset/tinystories_4k","1","1","2","4","0","mamba_tinystories_4k_20251215_152022","256","2576","","","","","","","","","","4","5.296881238619487","199.71298056193612","","","","","","","","5.62848957379659"
"eval_mamba_tinystories_4k_mamba_best_20251215_150105","finished","-","","","2025-12-15T14:01:06.000Z","8","","1","3","128","16","0.1","2","","","./lm_dataset/tinystories_4k","","","2","","","","256","2576","results/mamba_tinystories_4k/mamba_best.pt","64","evaluation","","891904","","0.8","","","","5.3276530255873995","205.95403762863668","12288","1","1","73.66666666666667","0","0","",""
"mamba_tinystories_4k_20251215_145952","finished","-","","","2025-12-15T13:59:53.000Z","34","","8","3","128","16","0.1","2","1","0.0003","./lm_dataset/tinystories_4k","1","1","2","4","0","mamba_tinystories_4k_20251215_145952","256","2576","","","","","","","","","","4","5.3276530504226685","205.95404274356065","","","","","","","","5.6617739995320635"
"generate_20251215_144929","finished","-","","","2025-12-15T13:49:30.000Z","12","","","","","","","","","","","","","","","","","","","results/mamba_tinystories_2k/mamba_best.pt","128","","configs/mamba_tinystories_2k/model.yaml","","1","0.8","tokenizers/tinystories_2k","","","","","","","","","","","1",""
"eval_mamba_tinystories_2k_mamba_best_20251215_144750","finished","-","","","2025-12-15T13:47:51.000Z","21","","1","3","512","16","0.1","2","","","./lm_dataset/tinystories_2k","","","2","","","","256","2048","results/mamba_tinystories_2k/mamba_best.pt","64","evaluation","","5386240","","0.8","","","","4.356710397091108","78.00012249141446","12416","0.985971685971686","0.9951690821256038","67.66666666666667","0.014028314028314025","0.004830917874396119","",""
"mamba_tinystories_2k_20251215_144600","finished","-","","","2025-12-15T13:46:01.000Z","95","","64","3","512","16","0.1","2","1","0.0003","./lm_dataset/tinystories_2k","1","1","2","4","0","mamba_tinystories_2k_20251215_144600","256","2048","","","","","","","","","","4","4.406012773513794","81.94208961095583","","","","","","","","4.886462688446045"
"generate_20251215_143934","finished","-","","","2025-12-15T13:39:36.000Z","12","","","","","","","","","","","","","","","","","","","results/mamba_tinystories_2k/mamba_best.pt","128","","configs/mamba_tinystories_2k/model.yaml","","1","0.8","tokenizers/tinystories_2k","","","","","","","","","","","1",""
"eval_mamba_tinystories_2k_mamba_best_20251215_143856","finished","-","","","2025-12-15T13:38:57.000Z","23","","1","3","512","16","0.1","2","","","./lm_dataset/tinystories_2k","","","2","","","","256","2048","results/mamba_tinystories_2k/mamba_best.pt","64","evaluation","","5386240","","0.8","","","","3.211856601164513","24.825133837726867","12416","0.9289789298023986","0.9669797389095636","61","0.07102107019760136","0.03302026109043651","",""
"mamba_tinystories_2k_20251215_143709","finished","-","","","2025-12-15T13:37:10.000Z","97","","32","3","512","16","0.1","2","1","0.0003","./lm_dataset/tinystories_2k","1","1","2","4","0","mamba_tinystories_2k_20251215_143709","256","2048","","","","","","","","","","4","3.373211979866028","29.172076860854425","","","","","","","","3.8160805702209473"
"generate_20251215_143046","finished","-","","","2025-12-15T13:30:47.000Z","12","","","","","","","","","","","","","","","","","","","results/mamba_tinystories_2k/mamba_best.pt","128","","configs/mamba_tinystories_2k/model.yaml","","1","0.8","tokenizers/tinystories_2k","","","","","","","","","","","1",""
"eval_mamba_tinystories_2k_mamba_best_20251215_143012","finished","-","","","2025-12-15T13:30:13.000Z","19","","1","3","512","16","0.1","2","","","./lm_dataset/tinystories_2k","","","2","","","","256","2048","results/mamba_tinystories_2k/mamba_best.pt","64","evaluation","","5386240","","0.8","","","","1.873775494467352","6.512839227948153","12416","0.8773681515616999","0.9404195311122864","48","0.12263184843830004","0.05958046888771373","",""
"mamba_tinystories_2k_20251215_142812","finished","-","","","2025-12-15T13:28:13.000Z","101","","16","3","512","16","0.1","2","1","0.0003","./lm_dataset/tinystories_2k","1","1","2","4","0","mamba_tinystories_2k_20251215_142812","256","2048","","","","","","","","","","4","1.9410272666386197","6.9659031363175075","","","","","","","","2.381770236151559"
"generate_20251215_142207","finished","-","","","2025-12-15T13:22:08.000Z","13","","","","","","","","","","","","","","","","","","","results/mamba_tinystories_2k/mamba_best.pt","128","","configs/mamba_tinystories_2k/model.yaml","","1","0.8","tokenizers/tinystories_2k","","","","","","","","","","","1",""
"eval_mamba_tinystories_2k_mamba_best_20251215_142048","finished","-","","","2025-12-15T13:20:50.000Z","22","","1","3","512","16","0.1","2","","","./lm_dataset/tinystories_2k","","","2","","","","256","2048","results/mamba_tinystories_2k/mamba_best.pt","64","evaluation","","5386240","","0.8","","","","0.9373674561682436","2.5532510179609917","12416","0.7666413702917657","0.884076934076934","74","0.23335862970823415","0.11592306592306592","",""
"mamba_tinystories_2k_20251215_141859","finished","-","","","2025-12-15T13:19:00.000Z","88","","8","3","512","16","0.1","2","1","0.0003","./lm_dataset/tinystories_2k","1","1","2","4","0","mamba_tinystories_2k_20251215_141859","256","2048","","","","","","","","","","4","0.9587032794952391","2.608312027868034","","","","","","","","1.3968682564221897"
"generate_20251215_141325","finished","-","","","2025-12-15T13:13:26.000Z","8","","","","","","","","","","","","","","","","","","","results/mamba_tinystories_2k/mamba_best.pt","128","","configs/mamba_tinystories_2k/model.yaml","","1","0.8","tokenizers/tinystories_2k","","","","","","","","","","","1",""
"eval_mamba_tinystories_2k_mamba_best_20251215_141223","finished","-","","","2025-12-15T13:12:24.000Z","12","","1","3","256","16","0.1","2","","","./lm_dataset/tinystories_2k","","","2","","","","256","2048","results/mamba_tinystories_2k/mamba_best.pt","64","evaluation","","1906688","","0.8","","","","6.201676127836876","493.5756440302012","12416","1","1","74","0","0","",""
"mamba_tinystories_2k_20251215_141058","finished","-","","","2025-12-15T13:10:59.000Z","52","","64","3","256","16","0.1","2","1","0.0003","./lm_dataset/tinystories_2k","1","1","2","4","0","mamba_tinystories_2k_20251215_141058","256","2048","","","","","","","","","","4","6.2234206199646","504.4257330631542","","","","","","","","6.444653511047363"
"generate_20251215_140125","finished","-","","","2025-12-15T13:01:26.000Z","8","","","","","","","","","","","","","","","","","","","results/mamba_tinystories_2k/mamba_best.pt","128","","configs/mamba_tinystories_2k/model.yaml","","1","0.8","tokenizers/tinystories_2k","","","","","","","","","","","1",""
"eval_mamba_tinystories_2k_mamba_best_20251215_140101","finished","-","","","2025-12-15T13:01:02.000Z","12","","1","3","256","16","0.1","2","","","./lm_dataset/tinystories_2k","","","2","","","","256","2048","results/mamba_tinystories_2k/mamba_best.pt","64","evaluation","","1906688","","0.8","","","","4.243383665674741","69.64310258506454","12416","0.9953051643192488","1","72.66666666666667","0.004694835680751168","0","",""
"mamba_tinystories_2k_20251215_135927","finished","-","","","2025-12-15T12:59:28.000Z","60","","16","3","256","16","0.1","2","1","0.0003","./lm_dataset/tinystories_2k","1","1","2","4","0","mamba_tinystories_2k_20251215_135927","256","2048","","","","","","","","","","4","4.297585419246128","73.52205426562736","","","","","","","","4.676012788500104"
"generate_20251215_135347","finished","-","","","2025-12-15T12:53:48.000Z","8","","","","","","","","","","","","","","","","","","","results/mamba_tinystories_2k/mamba_best.pt","128","","configs/mamba_tinystories_2k/model.yaml","","1","0.8","tokenizers/tinystories_2k","","","","","","","","","","","1",""
"eval_mamba_tinystories_2k_mamba_best_20251215_135321","finished","-","","","2025-12-15T12:53:22.000Z","13","","1","3","256","16","0.1","2","","","./lm_dataset/tinystories_2k","","","2","","","","256","2048","results/mamba_tinystories_2k/mamba_best.pt","64","evaluation","","1906688","","0.8","","","","2.8869652625211737","17.938787402658676","12416","0.9323102795879756","0.9753246753246754","70","0.06768972041202437","0.024675324675324663","",""
"mamba_tinystories_2k_20251215_135116","finished","-","","","2025-12-15T12:51:18.000Z","52","","8","3","256","16","0.1","2","1","0.0003","./lm_dataset/tinystories_2k","1","1","2","4","0","mamba_tinystories_2k_20251215_135116","256","2048","","","","","","","","","","4","2.9185779094696045","18.5149388099522","","","","","","","","3.415670009759756"
"generate_tinystories_BS_64","finished","-","","","2025-12-15T11:23:45.000Z","6","","","","","","","","","","","","","","","","","","","results/mamba_tinystories_2k/mamba_best.pt","128","","configs/mamba_tinystories_2k/model.yaml","","1","0.8","tokenizers/tinystories_2k","","","","","","","","","","","1",""
"eval_mamba_tinystories_2k_mamba_best_BS_64","finished","-","","","2025-12-15T11:23:17.000Z","8","","1","3","128","16","0.1","2","","","./lm_dataset/tinystories_2k","","","2","","","","256","2048","results/mamba_tinystories_2k/mamba_best.pt","64","evaluation","","756736","","0.8","","","","7.029608392223869","1129.5881680497005","12416","1","1","75.66666666666667","0","0","",""
"mamba_tinystories_2k_BS_64","finished","-","","","2025-12-15T11:21:27.000Z","35","","64","3","128","16","0.1","2","1","0.0003","./lm_dataset/tinystories_2k","1","1","2","4","0","mamba_tinystories_2k_20251215_122126","256","2048","","","","","","","","","","4","7.0396506786346436","1140.9889651828605","","","","","","","","7.136482238769531"
"generate_tinystories_BS_32","finished","-","","","2025-12-15T11:14:22.000Z","5","","","","","","","","","","","","","","","","","","","results/mamba_tinystories_2k/mamba_best.pt","128","","configs/mamba_tinystories_2k/model.yaml","","1","0.8","tokenizers/tinystories_2k","","","","","","","","","","","1",""
"eval_mamba_tinystories_2k_mamba_best_BS_32","finished","-","","","2025-12-15T11:13:44.000Z","8","","1","3","128","16","0.1","2","","","./lm_dataset/tinystories_2k","","","2","","","","256","2048","results/mamba_tinystories_2k/mamba_best.pt","64","evaluation","","756736","","0.8","","","","6.621923662952541","751.3891271799079","12416","1","1","74","0","0","",""
"mamba_tinystories_2k_BS_32","finished","-","","","2025-12-15T11:12:47.000Z","37","","32","3","128","16","0.1","2","1","0.0003","./lm_dataset/tinystories_2k","1","1","2","4","0","mamba_tinystories_2k_20251215_121246","256","2048","","","","","","","","","","4","6.657732605934143","778.7831254840489","","","","","","","","6.7996567487716675"
"generate_BS_16","finished","-","","","2025-12-15T11:07:59.000Z","6","","","","","","","","","","","","","","","","","","","results/mamba_tinystories_2k/mamba_best.pt","128","","configs/mamba_tinystories_2k/model.yaml","","1","0.8","tokenizers/tinystories_2k","","","","","","","","","","","1",""
"eval_mamba_tinystories_2k_mamba_best_BS_16","finished","-","","","2025-12-15T11:06:37.000Z","8","","1","3","128","16","0.1","2","","","./lm_dataset/tinystories_2k","","","2","","","","256","2048","results/mamba_tinystories_2k/mamba_best.pt","64","evaluation","","756736","","0.8","","","","6.019926715142948","411.5484343533118","12416","1","1","74.66666666666667","0","0","",""
"mamba_tinystories_2k_BS_16","finished","-","","","2025-12-15T11:04:47.000Z","39","","16","3","128","16","0.1","2","1","0.0003","./lm_dataset/tinystories_2k","1","1","2","4","0","mamba_tinystories_2k_20251215_120446","256","2048","","","","","","","","","","4","6.045269216809954","422.1113816669227","","","","","","","","6.241703510284424"
"generate_tinystories_BS_16","finished","-","","","2025-12-15T10:57:32.000Z","6","","","","","","","","","","","","","","","","","","","results/mamba_tinystories_2k/mamba_best.pt","128","","configs/mamba_tinystories_2k/model.yaml","","1","0.8","tokenizers/tinystories_2k","","","","","","","","","","","1",""
"eval_mamba_tinystories_2k_mamba_best_BS_16","finished","-","","","2025-12-15T10:36:04.000Z","9","","1","3","128","16","0.1","2","","","./lm_dataset/tinystories_2k","","","2","","","","256","2048","results/mamba_tinystories_2k/mamba_best.pt","64","evaluation","","756736","","0.8","","","","6.0339849904640435","417.37495500707126","12416","1","1","74.66666666666667","0","0","",""
"mamba_tinystories_2k_BS_16","finished","-","","","2025-12-15T10:34:25.000Z","37","","16","3","128","16","0.1","2","1","0.0003","./lm_dataset/tinystories_2k","1","1","2","4","0","mamba_tinystories_2k_20251215_113424","256","2048","","","","","","","","","","4","6.064153739384243","430.1584974033383","","","","","","","","6.284176417759487"
"generate_tinystories_10k","finished","-","","","2025-12-15T09:46:12.000Z","6","","","","","","","","","","","","","","","","","","","results/mamba_tinystories_10k/mamba_best.pt","128","","configs/mamba_tinystories_10k/model.yaml","","1","0.8","tokenizers/tinystories_2k","","","","","","","","","","","1",""
"eval_mamba_tinystories_10k_mamba_best","finished","-","","","2025-12-15T09:04:49.000Z","197","","1","3","128","16","0.1","2","","","./lm_dataset/tinystories_10k","","","2","","","","256","2576","results/mamba_tinystories_10k/mamba_best.pt","64","evaluation","","891904","","0.8","","","","0.0011629447459427806","1.0011636212283956","2052608","0.5828123775949863","0.7907456207214466","73.66666666666667","0.4171876224050137","0.20925437927855337","",""
"mamba_tinystories_10k","finished","-","","","2025-12-15T08:40:26.000Z","740","","8","3","128","16","0.1","2","1","0.0003","./lm_dataset/tinystories_10k","1","1","2","4","0","mamba_tinystories_10k_20251215_094025","256","2576","","","","","","","","","","4","0.0011646838312685873","1.001165362338872","","","","","","","","0.002928506135304504"
"generate_8k","finished","-","","","2025-12-15T01:11:29.000Z","7","","","","","","","","","","","","","","","","","","","results/mamba_tinystories_8k/mamba_best.pt","128","","configs/mamba_tinystories_8k/model.yaml","","1","0.8","tokenizers/tinystories_8k","","","","","","","","","","","1",""
"eval_mamba_tinystories_8k_mamba_best","finished","-","","","2025-12-15T01:07:21.000Z","186","","1","3","128","16","0.1","2","","","./lm_dataset/tinystories_8k","","","2","","","","256","8192","results/mamba_tinystories_8k/mamba_best.pt","64","evaluation","","2329600","","0.8","","","","0.008338341991242351","1.008373202791216","1862912","0.5944951801116184","0.7991001564945227","73.33333333333333","0.4055048198883815","0.20089984350547732","",""
"mamba_tinystories_8k","finished","-","","","2025-12-15T00:52:16.000Z","833","","8","3","128","16","0.1","2","1","0.0003","./lm_dataset/tinystories_8k","1","1","2","4","0","mamba_tinystories_8k_20251215_015214","256","8192","","","","","","","","","","4","0.008340479896063558","1.0083753585994524","","","","","","","","0.018392363008991865"
"generate_tinystories_4k","finished","-","","","2025-12-14T23:45:30.000Z","7","","","","","","","","","","","","","","","","","","","results/mamba_tinystories_4k/mamba_best.pt","128","","configs/mamba_tinystories_4k/model.yaml","","1","0.8","tokenizers/tinystories_4k","","","","","","","","","","","1",""
"eval_mamba_tinystories_4k_mamba_best","finished","-","","","2025-12-14T23:44:42.000Z","11","","1","3","128","16","0.1","2","","","./lm_dataset/tinystories_4k","","","2","","","","256","4000","results/mamba_tinystories_4k/mamba_best.pt","64","evaluation","","1256448","","0.8","","","","5.58102826277415","265.344309232314","12288","1","1","63.666666666666664","0","0","",""
"mamba_tinystories_4k","finished","-","","","2025-12-14T23:40:26.000Z","50","","8","3","128","16","0.1","2","1","0.0003","./lm_dataset/tinystories_4k","1","1","2","4","0","mamba_tinystories_4k_20251215_004025","256","4000","","","","","","","","","","4","5.58102814356486","265.3442776008093","","","","","","","","5.928858637809753"
"mamba_tinystories_4k","finished","-","","","2025-12-14T23:38:11.000Z","49","","8","3","128","16","0.1","2","1","0.0003","./lm_dataset/tinystories_4k","1","1","2","4","0","mamba_tinystories_4k_20251215_003809","256","4000","","","","","","","","","","4","5.594802061716716","269.02439459496185","","","","","","","","5.931498090426127"
"generate_tinystories_2k","finished","-","","","2025-12-14T21:36:04.000Z","7","","","","","","","","","","","","","","","","","","","results/mamba_tinystories_2k/mamba_best.pt","128","","configs/mamba_tinystories_2k/model.yaml","","1","0.8","tokenizers/tinystories_2k","","","","","","","","","","","1",""
"eval_mamba_tinystories_2k_mamba_best","finished","-","","","2025-12-14T21:32:49.000Z","10","","1","3","128","16","0.1","2","","","./lm_dataset/tinystories_2k","","","2","","","","256","8192","results/mamba_tinystories_2k/mamba_best.pt","64","evaluation","","2329600","","0.8","","","","6.021060235721549","412.01519746556136","12416","1","1","53.333333333333336","0","0","",""
"mamba_tinystories_2k","finished","-","","","2025-12-14T21:21:07.000Z","116","","8","3","128","16","0.1","2","1","0.0003","./lm_dataset/tinystories_2k","1","1","2","4","0","mamba_tinystories_2k_20251214_222106","256","8192","","","","","","","","","","4","6.0389873798076925","419.46805792737865","","","","","","","","6.407380727621225"
"generate_mamba_tinystories_1M","finished","-","","","2025-12-14T21:14:23.000Z","9","","","","","","","","","","","","","","","","","","","results/mamba_tinystories_1M/mamba_best.pt","128","","configs/mamba_tinystories_1M/model.yaml","","1","0.8","tokenizers/tinystories_1M","","","","","","","","","","","1",""
"eval_mamba_tinystories_1M_mamba_best","finished","-","","","2025-12-14T16:48:24.000Z","10566","","8","3","64","16","0","2","","","./lm_dataset/tinystories_1M","","","8","","","","256","10000","results/mamba_tinystories_1M/mamba_best.pt","64","evaluation","","1498752","","0.8","","","","0.00035119917061202604","1.000351260848261","188298240","0.5653364632237872","0.7819584171696848","72.33333333333333","0.4346635367762128","0.21804158283031524","",""
"mamba_tinystories_1M","finished","-","","","2025-12-14T10:35:07.000Z","252831","","8","3","64","16","0","2","1","0.0003","./lm_dataset/tinystories_1M","1","1","8","4","0","mamba_tinystories_1M_20251214_113505","256","10000","","","","","","","","","","4","0.000361203683523144","1.0003612689254286","","","","","","","","0.00035302459966924147"
"mamba_tinystories_1M_20251213_203156","crashed","-","","","2025-12-13T19:31:57.000Z","50402","","8","3","64","16","0","2","1","0.0003","./lm_dataset/tinystories_1M","1","1","8","4","0","mamba_tinystories_1M_20251213_203156","256","10000","","","","","","","","","","","","","","","","","","","",""
"mamba_tinystories_1M_20251212_214201","crashed","-","","","2025-12-12T20:42:03.000Z","77705","","8","3","64","16","0","2","1","0.0003","./lm_dataset/tinystories_1M","1","1","8","4","0","mamba_tinystories_1M_20251212_214201","256","10000","","","","","","","","","","","","","","","","","","","",""